OT070-ELQ7013A9A|OT0
OT070-ELQ7022A6A|OT0
OT070-ELQ7033A2A  TH580|OT0
OT62-ELQ6216A2A|OT6
OT096 0,20 ALU/C|OT0
OT96 0,20  W/G|OT9
0,17x959x901 2G/G|0,1
0,17x959x901 2,8/2,8 TH550|0,1
0,17x894x795 W/С №88|0,1
0,18x860x873 W/C №87|0,1
0,17x894x795 W/С №13|0,1
OT62-ELQ6216A2A|OT6
OT070-ELQ7033A2A  TH580|OT0
0,17x838x942 ALU/С|0,1
0,16x796x925 G/C|0,1
OT99-921XQ 0,20 A55B05|OT9
0,16x942x790 ALU/С|0,1
0,14x913x766 2,0/2,0 TS480|0,1
0,17x838x942 ALU/С|0,1
OT070-ELQ7033A2A  TH580|OT0
OT070-ELQ7013A9A|OT0
0,16x942x790 ALU/С|0,1
OT153-ELQ1542A3A HBI|OT1
OT153-ELQ1554A0A|OT1
OT153-EPQ1555A2A|OT1
OT62-ELQ6216A2A|OT6
OT153-ELQ0561A2A HBI|OT1
OT070-ELQ7013A11A|OT0
OT070-ELQ7013A9A|OT0
0,16x942x790 ALU/С|0,1
0,16x942x790 BLANK|0,1
0,17x838x942 ALU/С|0,1
OT99-921XQ 0,20 A55B05|OT9
0,14x913x766 BLANK|0,1
0,17x838x942 ALU/С|0,1
OT153-ELQ1542A3A HBI|OT1
OT153-ELQ0561A2A HBI|OT1
OT070-ELQ7033A2A  TH580|OT0
0,17x959x901 G/C|0,1
0,17x959x901 2W/C|0,1
0,17x838x942 ALU/С|0,1
0,17x838x942 BLANK|0,1
0,18x877x1066 W/G|0,1
0,17x894x795 W/С №13|0,1
0,17x894x944  ТЕСТ|0,1
0,17x838x942 ALU/С|0,1
0,20x908x1112 BLANK|0,2
OT99-ELQ9999A0A_N/A|OT9
0,16x942x790 ALU/С|0,1
0,16x942x790 BLANK|0,1
0,17x959x901 BLANK|0,1
0,17x959x901 2G/G|0,1
OT070-ELQ7013A9A|OT0
OT070-ELQ7033A2A  TH580|OT0
OT80-ELQ8008A2A|OT8
OT153-ELQ1554A0A|OT1
OT153-ELQ0561A2A HBI|OT1
0,16x942x790 ALU/С|0,1
OT62-ELQ6216A2A|OT6
OT62-ELQ6215A6A|OT6
0,17x838x942 ALU/С|0,1
0,17x838x942 BLANK|0,1
0,14x814x925 G/C|0,1
0,14x913x766 BLANK|0,1
0,15x850x925 G/C|0,1
0,14x814x925 G/C|0,1
OT096 0,20 ALU/C HBI|OT0
OT62-ELQ6216A2A|OT6
0,15x850x925 2,0/2,8 TS550-TCLR|0,1
0,27x816x925 2,8/5,6 TH435|0,2
0,16x942x790 ALU/С|0,1
OT070-ELQ7013A9A|OT0
OT070-ELQ7033A2A  TH580|OT0
OT070-ELQ7022A6A|OT0
0,17x838x942 BLANK|0,1
0,18x860x873 W/C|0,1
OT153-ELQ1542A3A HBI|OT1
OT153-ELQ0561A2A HBI|OT1
0,17x959x901 BLANK|0,1
OT99-921XQ 0,20 A55B05|OT9
OT096 0,20 ALU/C HBI|OT0
0,14x796x925 G/C|0,1
OT99-ELQ9991A0A|OT9
OT070-ELQ7033A2A TH550|OT0
OT070-ELQ7033A2A TH550|OT0
0,17x838x942 ALU/С|0,1
0,18x894x795 W/С|0,1
0,17x894x795 W/С №13|0,1
0,17x838x942 BLANK|0,1
OT62-ELQ6216A2A|OT6
OT153-ELQ1542A3A HBI|OT1
OT153-ELQ0561A2A HBI|OT1
0,16x942x790 ALU/С|0,1
0,14x796x925 G/C|0,1
0,17x838x942 ALU/С|0,1
0,225x836,5x712 CKO|0,2
0,19x895x907 W/C|0,1
OT62-ELQ6216A2A|OT6
OT070-ELQ7022A6A|OT0
OT070-ELQ7013A9A|OT0
OT62-ELQ6216A2A|OT6
0,14x850x925 G/C|0,1
OT62-ELQ6216A2A|OT6
OT62-ELQ6215A5A|OT6
OT070-ELQ7013A9A|OT0
0,17x894x795 W/С №13|0,1
0,16x920x778 BLANK|0,1
0,14x850x925 G/C|0,1
OT62-ELQ6216A2A|OT6
OT62-ELQ6216A2A|OT6
0,17x894x795 BLANK|0,1
0,18x894x795 W/С|0,1
0,16x942x790 ALU/С|0,1
0,14x814x925 G/C|0,1
0,17x838x942 BLANK|0,1
OT070-ELQ7013A9A|OT0
OT62-ELQ6216A2A USK|OT6
OT62-ELQ6216A2A USK|OT6
OT62-ELQ6216A2A USK|OT6
0,16x942x790 ALU/С|0,1
OT096 0,20 ALU/C HBI|OT0
OT096 0,20 ALU/C USK|OT0
0,18x860x873  BLANK|0,1
OT99-ELQ9999A0A_N/A|OT9
0,16x942x790 ALU/С|0,1
OT070-ELQ7013A9A|OT0
OT070-ELQ7013A4A|OT0
0,19x895x907 BLANK|0,1
0,16x942x790 ALU/С|0,1
0,16x942x790 ALU/С|0,1
0,14x913x766 BLANK|0,1
0,14x913x766 BLANK|0,1
OT62-ELQ6216A2A USK|OT6
OT62-ELQ6216A2A USK|OT6
OT153-ELQ1554A0A USK|OT1
OT070-ELQ7033A2A  TH580|OT0
0,16x942x790 ALU/С|0,1
OT70-ELY2060376B|OT7
0,16x942x790 BLANK|0,1
0,16x942x790 ALU/С|0,1
OT153-ELQ1542A3A USK|OT1
0,16x920x778 BLANK|0,1
0,17x838x942 BLANK|0,1
0,17x838x942 ALU/С|0,1
0,14x850x925 BLANK|0,1
0,18x877x1066 BLANK|0,1
0,17x894x795 BLANK|0,1
OT070-ELQ7022A6A|OT0
OT070-ELQ7013A11A|OT0
OT070-ELQ7033A2A  TH580|OT0
OT62-ELQ6216A2A|OT6
OT62-ELQ6216A2A USK|OT6
OT096 0,20 ALU/C USK|OT0
OT096 0,20 ALU/C HBI|OT0
OT96 0,20  W/G USK|OT9
OT96 0,18 G/G|OT9
OT153-ELQ0561A2A USK|OT1
OT153-ELQ1542A3A USK|OT1
OT99-ELQ0730A0A|OT9
0,14x913x766 BLANK|0,1
0,16x920x778 BLANK|0,1
0,14x850x925 BLANK|0,1
0,14x850x925 G/C|0,1
0,18x860x873 W/C|0,1
0,19x895x907 W/C|0,1
OT070-ELQ7033A2A  TH580|OT0
OT62-ELQ6216A2A|OT6
OT62-ELQ6215A5A|OT6
OT62-ELQ6216A2A|OT6
OT153-ELQ1554A0A USK|OT1
OT153-ELQ1542A3A USK|OT1
OT99-EBQ0556B2A|OT9
OT99-ELQ0730A0A|OT9
OT070-ELQ7013A9A|OT0
0,18x894x795 W/С|0,1
0,17x894x795 BLANK|0,1
0,19x895x907 W/C|0,1
OT62-ELQ6216A2A|OT6
OT070-ELQ7013A13A|OT0
OT62-ELQ6216A2A|OT6
0,17x894x795 BLANK|0,1
0,18x894x795 BLANK|0,1
0,14x850x925 G/C|0,1
0,16x942x790 ALU/С|0,1
OT62-ELQ6216A2A|OT6
OT62-ELQ6216A2A USK|OT6
0,14x913x766 BLANK|0,1
OT070-ELQ7033A2A  TH580|OT0
OT070-ELQ7022A6A|OT0
OT070-ELQ7013A9A|OT0
OT99-ELQ0730A0A|OT9
0,17x894x795 BLANK|0,1
0,18x894x795 BLANK|0,1
OT62-ELQ6216A2A USK|OT6
OT62-ELQ6216A2A USK|OT6
0,17x838x942 BLANK|0,1
0,17x838x942 ALU/С|0,1
OT070-ELQ7033A2A  TH580|OT0
0,14x814x925 G/C|0,1
OT070-ELQ7040A0A|OT0
OT070-ELQ7013A9A|OT0
0,17x894x795 BLANK|0,1
0,18x894x795 BLANK|0,1
0,18x830x801 Alu/C|0,1
OT070-ELQ7033A2A TH550|OT0
OT070-ELQ7033A2A TH550|OT0
OT62-ELQ6216A2A|OT6
OT62-ELQ6216A2A|OT6
OT070-ELQ7013A9A|OT0
OT096 0,20 ALU/C USK|OT0
0,20x908x1112 BLANK|0,2
0,14x913x766 BLANK|0,1
0,16x920x778 BLANK|0,1
0,17x894x795 BLANK|0,1
0,17x894x795 W/С №13|0,1
0,17x894x795 BLANK|0,1
OT096 0,20 ALU/C USK|OT0
OT99-ELQ9999A0A_N/A|OT9
OT99-ELQ9999A0A_N/A|OT9
OT99-921XQ 0,18 A55B05|OT9
OT62-ELQ6216A2A|OT6
0,16x920x778 BLANK|0,1
OT096-A07B05 Alu/G|OT0
0,16x920x778 BLANK|0,1
0,17x894x795 BLANK|0,1
OT99-ELQ9999A0A_N/A|OT9
0,18x830x801 Alu/C|0,1
0,19x895x907 BLANK|0,1
0,17x894x795 W/С №13|0,1
0,17x894x795 W/С №13|0,1
0,18x894x795 W/С|0,1
OT62-ELQ6216A2A USK|OT6
OT62-ELQ6216A2A|OT6
OT070-ELQ7033A2A  TH580|OT0
OT153-ELQ1542A3A USK|OT1
OT153-ELQ1554A0A|OT1
OT153-ELQ0561A2A USK|OT1
OT62-ELQ6215A5A|OT6
OT62-ELQ6216A2A|OT6
0,14x913x766 BLANK|0,1
0,20x908x1112 BLANK|0,2
ТЕСТ 2026|ТЕС
0,16x942x790 ALU/С|0,1
0,19x895x907 W/C|0,1
0,19x895x907 BLANK|0,1
OT99-921XQ 0,18 G/G|OT9
OT62-ELQ6216A2A|OT6
0,17x894x795 BLANK|0,1
0,18x894x795 BLANK|0,1
OT070-ELQ7022A6A|OT0
OT070-ELQ7033A2A  TH580|OT0
OT70-ELQ7022A5A|OT7
OT153-ELQ0561A2A USK|OT1
0,17x838x942 ALU/С|0,1
0,14x913x766 BLANK|0,1
0,20x908x1112 BLANK|0,2
0,18x877x1066 W/G|0,1
0,17x894x795 BLANK|0,1
0,18x894x795 BLANK|0,1
OT62-ELQ6216A2A USK|OT6
OT62-ELQ6216A2A USK|OT6
OT096 0,20 ALU/C USK|OT0
0,18x860x873 W/C|0,1
0,18x860x873 W/C|0,1
OT070-ELQ7013A9A|OT0
OT62-ELQ6215A5A|OT6
0,19x895x907 BLANK|0,1
0,19x895x907 BLANK|0,1
0,16x942x790 ALU/С|0,1
0,16x942x790 BLANK|0,1
0,17x894x795 BLANK|0,1
0,18x894x795 BLANK|0,1
0,17x894x795 BLANK|0,1
0,18x894x795 BLANK|0,1
0,14x814x925 W/C|0,1
OT070-ELQ7013A11A|OT0
OT070-ELQ7013A9A|OT0
0,17x959x901 2G/G|0,1
0,17x959x901 2W/G|0,1
OT096 0,20 ALU/C USK|OT0
0,18x894x795 W/С|0,1
0,18x894x795 W/С|0,1
OT62-ELQ6216A2A USK|OT6
OT153-ELQ0561A2A USK|OT1
OT153-ELQ1554A0A|OT1
0,14x796x925 G/C|0,1
0,18x894x795 BLANK|0,1
0,18x894x795 BLANK|0,1
OT99-ELQ0730A0A|OT9
0,17x894x795 BLANK|0,1
OT99-921XQ 0,20 A55B05|OT9
0,17x894x795 BLANK|0,1
0,18x894x795 W/С|0,1
0,17x838x942 ALU/С|0,1
OT070-ELQ7040A0A|OT0
OT070-ELQ7013A9A|OT0
0,16x920x778 BLANK|0,1
0,14x913x766 BLANK|0,1
OT99-ELQ0730A0A|OT9
OT99-EBQ0556B2A|OT9
OT62-ELQ6216A2A USK|OT6
OT99-921XQ 0,22 ALU/G|OT9
OT62-ELQ6216A2A USK|OT6
0,16x942x790 ALU/С|0,1
0,14x850x925 G/C|0,1
OT153-ELQ1554A0A USK|OT1
OT153-ELQ1554A0A USK|OT1
OT99-921XQ 0,20 A55B05|OT9
0,17x894x795 BLANK|0,1
0,17x894x795 BLANK|0,1
0,18x894x795 BLANK|0,1
0,17x838x942 ALU/С|0,1
0,14x913x766 BLANK|0,1
OT153-ELQ1554A0A USK|OT1
OT153-ELQ1542A3A USK|OT1
OT096 0,20 ALU/C USK|OT0
OT62-ELQ6216A2A USK|OT6
OT62-ELQ6216A2A USK|OT6
OT62-ELQ6215A5A|OT6
OT096-A07B05 Alu/G|OT0
0,17x894x795 BLANK|0,1
0,18x894x795 W/С|0,1
OT153-ELQ1554A0A USK|OT1
0,14x850x925 G/C|0,1
0,16x942x790 ALU/С|0,1
OT80 15VK05 Vaja|OT8
0,18x894x795 BLANK|0,1
0,18x894x795 BLANK|0,1
0,18x894x795 BLANK|0,1
OT62-ELQ6216A2A USK|OT6
OT153-ELQ1554A0A USK|OT1
OT153-ELQ1554A0A USK|OT1
0,20x908x1112 BLANK|0,2
0,18x860x873 W/C|0,1
0,18x860x873  BLANK|0,1
0,14x913x766 BLANK|0,1
OT070-ELQ7033A2A  TH580|OT0
0,14x913x766 BLANK|0,1
OT62-ELQ6215A5A HBI 21E|OT6
OT62-ELQ6215A5A USK 21E|OT6
OT62-ELQ6215A5A USK 21E|OT6
0,18x877x1066 BLANK|0,1
0,16x942x790 BLANK|0,1
0,16x942x790 ALU/С|0,1
0,18x894x795 BLANK|0,1
0,17x894x795 BLANK|0,1
OT070-ELQ7033A2A  TH580|OT0
0,18x830x801 Alu/C|0,1
OT096 0,20 ALU/C HBI|OT0
OT096 0,20 ALU/C USK|OT0
OT096-A07B05 Alu/G|OT0
OT62-ELQ6216A2A USK|OT6
0,19x895x907 BLANK|0,1
0,17x959x901 BLANK|0,1
0,17x838x942 ALU/С|0,1
0,18x894x795 W/С|0,1
0,18x894x795 BLANK|0,1
0,18x894x795 BLANK|0,1
OT096 0,20 ALU/C USK|OT0
OT62-ELQ6216A2A USK|OT6
OT62-ELQ6215A5A USK 21E|OT6
0,18x860x873  BLANK|0,1
OT062-ELQ0830A9A|OT0
OT99-921XQ 0,20 A55B05|OT9
OT99-921XQ 0,22 ALU/G ARK|OT9
OT96 0,22 ALU/G ARK|OT9
OT153-ELQ1554A0A USK|OT1
OT153-ELQ1554A0A USK|OT1
0,16x920x778 BLANK|0,1
0,16x942x790 ALU/С|0,1
0,16x942x790 ALU/С|0,1
0,16x942x790 ALU/С|0,1
0,16x942x790 BLANK|0,1
0,19x895x907 BLANK|0,1
OT62-ELQ6216A2A USK|OT6
0,14x850x925 W/C|0,1
0,14x850x925 G/C|0,1
0,19x895x907 BLANK|0,1
0,20x908x1112 BLANK|0,2
0,16x942x790 W19/G|0,1
OT62-ELQ6215A5A USK 21E|OT6
0,18x894x795 BLANK|0,1
OT153-ELQ1554A0A USK|OT1
0,14x913x766 BLANK|0,1
OT153-ELQ0561A2A USK|OT1
OT99-EBQ0556B2A|OT9
OT99-ELQ0730A0A|OT9
OT99-ELQ0730A0A|OT9
0,18x894x795 BLANK|0,1
0,18x894x795 BLANK|0,1
0,18x894x795 BLANK|0,1
OT99-921XQ 0,20 A55B05|OT9
0,19x895x907 BLANK|0,1
OT070-ELQ7033A2A  TH580|OT0
OT070-ELQ7022A6A|OT0
0,18x860x873  BLANK|0,1
0,14x814x925 G/C|0,1
0,17x894x795 W/С №13|0,1
0,17x894x795 BLANK|0,1
OT153-ELQ1542A3A USK|OT1
OT153-ELQ0561A2A USK|OT1
OT096-A07B05 Alu/G|OT0
OT99-921XQ 0,20 A55B05|OT9
0,18x894x795 BLANK|0,1
0,16x920x778 BLANK|0,1
OT096-15V/K04   test Vaja|OT0
OT096-21E/B04   test Vaja|OT0
0,19x895x907 BLANK|0,1
0,17x894x795 BLANK|0,1
0,18x894x795 BLANK|0,1
0,14x975x925 G/C|0,1
OT62-ELQ6216A2A|OT6
0,18x860x873  BLANK|0,1
OT96 0,18 G/G|OT9
OT096 0,20 ALU/C HBI|OT0
OT096-A07B05 Alu/G|OT0
OT153-ELQ1554A0A USK|OT1
0,18x894x795 W/С|0,1
0,17x894x795 BLANK|0,1
0,17x838x942 ALU/С|0,1
0,17x894x795 BLANK|0,1
0,18x860x873  BLANK|0,1
0,18x894x795 BLANK|0,1
0,18x894x795 BLANK|0,1
0,19x895x907 BLANK|0,1
0,18x894x795 W/С|0,1
OT62-ELQ6216A2A USK|OT6
0,17x959x901 BLANK|0,1
0,18x894x795 BLANK|0,1
0,17x894x795 BLANK|0,1
OT153-ELQ1554A0A USK|OT1
OT153-ELQ0561A2A USK|OT1
0,18x860x873 W/C|0,1
0,18x860x873  BLANK|0,1
0,18x860x873  BLANK|0,1
0,14x913x766 BLANK|0,1
0,14x913x766 BLANK|0,1
0,18x894x795 BLANK|0,1
0,17x894x795 BLANK|0,1
OT62-ELQ6216A2A USK|OT6
0,18x894x795 BLANK|0,1
0,18x894x795 BLANK|0,1
0,18x894x795 BLANK|0,1
OT62-ELQ6216A2A USK|OT6
OT096 G/C  Spain|OT0
0,19x895x907 BLANK|0,1
0,14x796x925 G/C|0,1
0,17x894x795 BLANK|0,1
0,17x894x795 BLANK|0,1
0,18x860x873  BLANK|0,1
OT99-ELQ9999A0A ARP|OT9
OT62-ELQ6216A2A ver2|OT6
OT62-ELQ6215A5A HBI 21E|OT6
0,18x860x873  BLANK|0,1
OT153-ELQ1554A0A USK|OT1
OT153-ELQ1542A3A USK|OT1
0,17x840x942 BLANK|0,1
0,18x894x795 BLANK|0,1
0,20x908x1112 BLANK|0,2
0,17x959x901 2W/G|0,1
0,17x959x901 BLANK|0,1
0,19x895x907 BLANK|0,1
0,19x895x907 BLANK|0,1
OT62-ELQ6215A5A HBI 21E|OT6
0,17x894x795 BLANK|0,1
OT62-ELQ6216A2A  USK ver3|OT6
OT99-ELQ9999A0A ARP|OT9
0,16x920x778 BLANK|0,1
OT153-ELQ0561A2A USK|OT1
OT153-ELQ1554A0A USK|OT1
0,19x895x907 BLANK|0,1
0,19x895x907 BLANK|0,1
0,14x850x925 G/C|0,1
0,16x942x790 ALU/С|0,1
0,14x918x925 G/C|0,1
0,17x894x795 BLANK|0,1
OT070-ELQ7013A9A|OT0
OT070-ELQ7022A5A 21Е|OT0
OT62-ELQ6215A5A USK 21E|OT6
OT96 0,18 G/G auto|OT9
OT96 Alu/C USK auto|OT9
0,20x838x941,7 BLANK|0,2
OT99-921XQ 0,20 A55B05|OT9
OT96 Alu/C HBI auto|OT9
OT99-921XQ 0,20 A55B05 auto|OT9
OT153-ELQ0561A2A-14400 HBI|OT1
OT153-ELQ1542A3A USK|OT1
OT62-ELQ6216A2A  USK ver3|OT6
0,19x895x907 W/C|0,1
"0,17x959x901 2ALU/G ЭП-547""В"""|0,1
0,17x959x901 901 2w/g BPANI|0,1
0,17x959x901 2w/c|0,1
OT153-ELQ0561A2A-14400 HBI|OT1
0,16x920x778 BLANK|0,1
OT80 21EK05|OT8
OT153-ELQ0561A2A-14400 USK|OT1
OT153-ELQ1542A3A USK|OT1
OT070-ELQ7013A9A|OT0
OT070-ELQ7033A2A  TH580|OT0
0,14x913x766 BLANK|0,1
OT62-ELQ6216A2A  USK ver3|OT6
OT99-921XQ 0,18 G/G PL1014-59|OT9
0,17x838x942 ALU/С|0,1
OT070-ELQ7040A0A|OT0
0,16x920x778 BLANK|0,1
0,14x913x766 BLANK|0,1
0,20x908x1112 BLANK|0,2
0,14x850x925 G/C|0,1
0,17x922x868 TH435 BLANK|0,1
OT070-ELQ7033A2A  TH580|OT0
OT070-ELQ7013A9A|OT0
OT62-ELQ6216A2A ver2|OT6
OT62-ELQ6216A2A  USK ver3|OT6
OT62-ELQ6216A2A ver2|OT6
OT153-ELQ1542A3A USK|OT1
OT153-ELQ0561A2A-14400 USK|OT1
0,20x908x1112 BLANK|0,2
0,17x894x795 BLANK|0,1
OT99-921XQ 0,20 A55B05 auto|OT9
0,14x913x766 BLANK|0,1
0,14x913x766 BLANK|0,1
0,14x913x766 BLANK|0,1
0,18x877x1066 BLANK|0,1
0,17x922x868 TH435 BLANK|0,1
OT070-ELQ7033A2A  TH580|OT0
0,17x922x868 TH520 BLANK|0,1
OT62-ELQ6216A2A  USK ver3|OT6
OT62-ELQ6215A5A HBI 21E|OT6
OT96 Alu/C HBI auto|OT9
OT070-ELQ7013A9A|OT0
0,17x840x942 BLANK|0,1
0,155x821x926 TTT BLANK|0,1
OT62-ELQ6216A2A  USK ver3|OT6
0,17x959x901 TTT BLANK|0,1
0,17x922x868 TTT BLANK|0,1
0,17x857x926 TTT BLANK|0,1
0,16x920x778 BLANK|0,1
OT99-ELQ0730A0A|OT9
OT99-EBQ0556B2A|OT9
0,19x895x907 BLANK|0,1
0,17x959x901 BLANK|0,1
0,14x796x925 G/C|0,1
0,17x959x901 BLANK|0,1
0,17x959x901 BLANK|0,1
0,14x975x925 G/C USK|0,1
0,18x894x795 BLANK|0,1
0,17x894x795 BLANK|0,1
OT96 Alu/C USK auto|OT9
0,18x860x944 TTT BLANK|0,1
0,18x860x795 TTT BLANK|0,1
0,18x860x873 TTT BLANK|0,1
OT070-ELQ7013A11A|OT0
ELQ7013A13A|ELQ
0,17x954x848 HAN BLANK|0,1
OT62-ELQ6216A2A ver2|OT6
0,20x808x908 HBI BLANK|0,2
0,17x922x868 HAN BLANK|0,1
OT96 Alu/C HBI auto|OT9
OT99-921XQ 0,18 G/G PL1014-59|OT9
OT99-921XQ 0,20 A55B05|OT9
OT99-921XQ 0,20 ALU/G|OT9
0,17x922x868 ERD BLANK|0,1
OT070-ELQ7033A2A  TH580|OT0
OT62-ELQ6216A2A  USK ver3|OT6
0,27x950x876 ERD BLANK|0,2
0,18x894x795 ERD BLANK|0,1
0,19x895x907 ERD BLANK|0,1
0,18x860x873 ERD BLANK|0,1
OT99-921XQ 0,22 ALU/G TS275 ARK|OT9
0,17x838x942 ALU/С|0,1
0,17x838x942 ALU/С|0,1
0,17x838x942 BLANK|0,1
OT070-ELQ7033A2A  TH580|OT0
0,20x908x1112 BLANK|0,2
0,16x942x790 BLANK|0,1
OT070-ELQ7033A2A ERD test|OT0
OT070-ELQ7033A2A HAN test|OT0
0,17x959x901 BLANK|0,1
OT96 0,22 ALU/G ERD|OT9
0,17x894x795 BLANK|0,1
0,18x860x873  BLANK|0,1
OT070-ELQ7033A2A  TH580|OT0
0,17x922x868 HBI TH550 BLANK|0,1
0,20x808x908 HBI BLANK|0,2
0,18x808x908 HBI BLANK|0,1
0,17x840x942 BLANK|0,1
0,17x954x848 ZZY BLANK|0,1
0,17x954x848 HAN BLANK|0,1
0,27x950x876 ERD BLANK|0,2
0,14x913x766 USK BLANK|0,1
0,19x895x907 BLANK|0,1
OT153-ELQ0561A2A HBI|OT1
0,17x959x901 2W/G|0,1
0,17x959x901 2G/G|0,1
0,18x860x873 ZZY BLANK|0,1
0,17x894x795 BLANK|0,1
0,17x894x795 BLANK|0,1
0,18x860x873  BLANK|0,1
OT153-ELQ1554A0A ERD|OT1
0,19x895x907 W/C|0,1
0,17x894x795 W/С №13|0,1
OT153-ELQ1542A3A HBI|OT1
OT070-ELQ7013A9A|OT0
OT070-ELQ7022A5A 21Е|OT0
OT99-921XQ 0,20 ALU/G|OT9
OT99-921XQ 0,20 A55B05|OT9
0,20x808x908 HBI BLANK|0,2
0,18x808x908 HBI BLANK|0,1
OT99-921XQ 0,18 G/G|OT9
0,17x894x795 BLANK|0,1
OT62-ELQ6216A2A  ZZY|OT6
OT62-ELQ6216A2A  HAN|OT6
OT62-ELQ6216A2A ver2|OT6
0,17x959x901 2G/G|0,1
0,16x920x778 BLANK|0,1
OT070-ELQ7033A2A  TH580|OT0
0,14x913x766 BLANK|0,1
0,14x913x766 USK BLANK|0,1
0,17x838x942 ALU/С|0,1
OT070-ELQ7033A2A  TH580|OT0
OT99-921XQ 0,20 A55B05|OT9
0,16x796x925 G/C|0,1
0,15x850x925 G/C|0,1
0,16x765x925 G/C|0,1
0,14x796x925 G/C|0,1
0,14x850x925 G/C|0,1
0,14x814x925 G/C|0,1
OT99-921XQ 0,20 21EB05|OT9
OT80 21EK05|OT8
OT99-ELQ0730A0A|OT9
OT99-EBQ0556B2A|OT9
0,18x830x801 Alu/C 28S|0,1
0,14x913x766 BLANK|0,1
0,17x959x901 BLANK|0,1
0,14x975x925 G/C|0,1
0,14*913*766  ALU/ALU|0,1
0,20x908x1112 21EK05|0,2
OT099 Hollande 0,24|OT0
0,17x894x795 W/С №13|0,1
OT99-ELQ9991A0A|OT9
OT070-ELQ7033A2A  TH580|OT0
OT062-ELQ0830A9A HBI|OT0
OT62-ELQ6216A2A ver2|OT6
OT62-ELQ6216A2A ver2|OT6
0,17x838x942 ALU/С|0,1
0,17x838x942 ALU/С|0,1
0,16x920x778 BLANK|0,1
0,14x913x766 21E|0,1
0,14x913x766 BLANK|0,1
OT99-ELQ9991A0A HBI|OT9
0,14x975x925 G/C|0,1
OT153-ELQ1542A3A HBI|OT1
OT153-W18B35|OT1
OT070-ELQ7013A9A|OT0
OT070-ELQ7013A9A|OT0
OT070-ELQ7013A11A|OT0
0,18x860x873  BLANK|0,1
0,18x894x795 BLANK|0,1
OT96 Alu/C HBI auto|OT9
0,18x894x795 BLANK|0,1
0,19x895x907 BLANK|0,1
OT153-ELQ0561A2A HBI|OT1
0,18x877x1066 BLANK|0,1
OT96 Alu/C HBI auto|OT9
0,20x908x1112 RAS BLANK|0,2
0,18x808x908 HBI BLANK|0,1
0,18x860x873  BLANK|0,1
0,14x975x925 G/C|0,1
0,16x920x778 BLANK|0,1
0,18x894x795 W/С|0,1
0,18x894x795 W/С|0,1
0,18x860x873  BLANK|0,1
0,14x913x766 BLANK|0,1
0,14x913x766 BLANK|0,1
0,18x830x801 Alu/C|0,1
0,18x830x801 Alu/C 28S|0,1
0,17x838x942 ALU/С|0,1
0,17x838x942 ALU/С|0,1
OT070-ELQ7022A6A  TH550|OT0
0,16x920x778 BLANK|0,1
0,19x895x907 BLANK|0,1
0,18x860x873  BLANK|0,1
0,14x918x925 G/C|0,1
OT62-ELQ6216A2A ver2|OT6
OT153-W18B35|OT1
OT153-W18U23|OT1
OT62-ELQ6215A5A USK 21E|OT6
OT62-ELQ6216A2A  USK ver3|OT6
OT99-921XQ 0,20 A55B05|OT9
0,16x942x790 ALU/С|0,1
0,14x918x925 G/C|0,1
OT070-ELQ7033A2A  TH580|OT0
0,16x920x778 BLANK|0,1
OT153-ELQ1554A0A USK|OT1
OT153-ELQ0561A2A HBI|OT1
OT153-ELQ0561A4A-14400 HBI|OT1
0,14x913x766 21E|0,1
0,18x860x873  BLANK|0,1
0,17x838x942 ALU/С|0,1
0,18x896x795 BLANK|0,1
0,19x895x907 BLANK|0,1
OT62-ELQ6216A2A  USK ver3|OT6
OT62-ELQ6216A2A  USK ver3|OT6
OT62-ELQ6216A2A ver2|OT6
OT62-ELQ6216A2A  USK ver3|OT6
OT153-ELQ1542A3A USK|OT1
OT153-ELQ0561A2A USK|OT1
0,18x860x873  BLANK|0,1
OT070-ELQ7033A2A  TH580|OT0
OT070-ELQ7033A2A  TH580|OT0
0,17x922x868 HBI TH550 BLANK|0,1
OT96 Alu/C USK auto|OT9
0,16x920x778 BLANK|0,1
OT99-921XQ 0,20 A55B05|OT9
0,18x896x795 BLANK|0,1
0,17x896x795 BLANK|0,1
0,18x896x795 W/С|0,1
0,14x975x925 G/C USK|0,1
OT153-ELQ0561A2A USK|OT1
OT62-ELQ6216A2A  USK ver3|OT6
OT62-ELQ6216A2A  USK ver3|OT6
OT99-ELQ0730A0A|OT9
OT070-ELQ7013A9A|OT0
OT070-ELQ7013A11A|OT0
0,16x942x790 ALU/С|0,1
0,14x975x925 G/C|0,1
0,16x942x790 BLANK|0,1
OT153-ELQ1554A0A USK|OT1
OT153-ELQ0561A2A USK|OT1
0,20x808x908 USK BLANK|0,2
OT96 Alu/C USK auto|OT9
OT99-ELQ9999A0A ARP|OT9
OT99-ELQ9991A0A ARP|OT9
0,18x860x873  BLANK|0,1
TEST152D|TES
TEST152H|TES
TEST152E|TES
OT62-ELQ6216A2A  USK ver3|OT6
0,16x942x790 ALU/С|0,1
0,16x942x790 ALU/С|0,1
0,19*809*910 BLANK|0,1
OT070-ELQ7022A6A  TH550|OT0
0,14x975x925 G/C USK|0,1
OT62-ELQ6216A2A  USK ver3|OT6
0,14x918x925 G/C|0,1
OT070-ELQ7033A2A  TH580|OT0
0,16x920x778 BLANK|0,1
0,18x896x795 BLANK|0,1
OT070-ELQ7013A9A|OT0
OT070-ELQ7033A2A  TH580|OT0
0,14x913x766 ALU/C|0,1
0,18x877x1066 W/G|0,1
0,14x918x925 W/C|0,1
0,14x918x925 G/C|0,1
0,17x840x942 BLANK|0,1
0,17x838x942 ALU/С|0,1
OT96 Alu/C USK auto|OT9
0,18x808x908 HBI BLANK|0,1
OT99-ELQ9999A0A_N/A|OT9
OT99-ELQ9999A0A ARP|OT9
OT153-ELQ1542A3A USK|OT1
OT153-ELQ0561A4A-14400 HBI|OT1
0,14x975x925 G/C USK|0,1
0,14x975x925 W/K USK|0,1
0,14x918x925 G/C|0,1
OT070-ELQ7013A9A|OT0
OT62-ELQ6216A2A  USK ver3|OT6
OT62-ELQ6216A2A  USK ver3|OT6
OT153-ELQ1542A3A USK|OT1
0,16x920x778 BLANK|0,1
OT070-ELQ7013A11A|OT0
OT070-ELQ7033A2A  TH580|OT0
0,18x860x873  BLANK|0,1
0,14x913x766 ALU/C|0,1
0,14x913x766 21E|0,1
0,16x942x790 ALU/С|0,1
0,17x896x795 BLANK|0,1
OT070-ELQ7013A9A|OT0
OT99-921XQ 0,20 A55B05|OT9
OT070-ELQ7022A6A|OT0
OT070-ELQ7033A2A  TH580|OT0
OT153-W18B35 USK|OT1
OT153-W18U23 USK|OT1
OT153-ELQ1554A0A USK|OT1
OT153-ELQ0561A2A HBI|OT1
OT62-ELQ6216A2A  USK ver3|OT6
0,17x896x795 BLANK|0,1
OT153-ELQ1554A0A ERD|OT1
0,14x913x766 ALU/C|0,1
OT62-ELQ6216A2A  USK ver3|OT6
OT96 Alu/C HBI auto|OT9
0,18x896x795 BLANK|0,1
OT153-ELQ0561A2A HBI|OT1
0,18x896x795 BLANK|0,1
OT96 0,20  ALU/G 50/28|OT9
0,16x920x778 Alu/C|0,1
OT153-ELQ0561A2A HBI|OT1
OT62-ELQ6216A2A ver2|OT6
OT99-921XQ 0,20 ALU/G|OT9
OT070-ELQ7013A9A|OT0
OT070-ELQ7033A2A  TH580|OT0
OT62-ELQ6216A2A  USK ver3|OT6
0,14x975x925 G/C|0,1
0,20x908x1112 21EK05|0,2
0,18x877x1066 W/G|0,1
OT96 0,20  ALU/G 28/28|OT9
OT070-ELQ7013A9A|OT0
OT070-ELQ7013A9A|OT0
0,18x860x942 BLANK|0,1
0,17x896x795 Alu/G|0,1
OT96 0,20  ALU/G 28/28|OT9
OT96 0,20  ALU/G 28/28 ручна|OT9
OT62-ELQ6216A2A тест 0,17*959|OT6
OT96 0,21  alu/g 28/28|OT9
OT96 0,20  alu/g 28/28 11064|OT9
0,17x896x795 Alu/G|0,1
OT99 0,20  alu/g TS275|OT9
0,16x942x790 ALU/С|0,1
OT153-ELQ1554A0A ERD|OT1
OT153-ELQ0561A2A HBI|OT1
0,16x942x790 ALU/С|0,1
0,19x895x907 Alu/G|0,1
OT62-ELQ6216A2A тест 0,17*959|OT6
OT62-ELQ6216A2A тест 0,17*959|OT6
0,16x942x790 ALU/С|0,1
0,18x860x942 BLANK|0,1
0,14x975x925 G/C USK|0,1
0,18x860x942 BLANK|0,1
0,14x913x766 21E|0,1
OT99-921XQ 0,20 A55B05|OT9
OT070-ELQ7022A5A 21Е|OT0
0,17x922x868 HBI TH550 BLANK|0,1
OT62-ELQ6216A2A  HAN|OT6
OT153-ELQ1542A3A USK|OT1
0,16x942x790 ALU/С|0,1
OT99 0,20  alu/g CHINA|OT9
0,18x860x873 Alu/G|0,1
OT96 0,21  alu/g 28/28|OT9
OT96 0,20  alu/g ARK|OT9
OT99-921XQ 0,22 ALU/G TS275 ARK|OT9
0,16x942x790 ALU/С|0,1
0,16x942x790 ALU/С|0,1
OT99 0,19 alu/g ERD|OT9
OT62-ELQ6216A2A  USK ver3|OT6
0,14x913x766 USK 21E|0,1
0,14x913x766 USK A08|0,1
0,14x975x925 G/C USK|0,1
0,20x908x1112 Alu/G|0,2
0,17x840x942 Alu/C|0,1
0,17x838x942 ALU/С|0,1
0,18x860x942 BLANK|0,1
0,14x975x925 G/C USK|0,1
OT96 0,20  alu/g ARK|OT9
OT99-921XQ 0,22 ALU/G TS275 ARK|OT9
OT99 0,19 alu/g HBI|OT9
OT99-921XQ 0,20 A55B05|OT9
OT62-ELQ6216A2A  USK ver3|OT6
OT153-ELQ0561A2A HBI|OT1
OT153-ELQ1554A0A USK|OT1
OT153-ELQ0561A2A-W18B55 ARI|OT1
0,19x895x907 Alu/G|0,1
OT153-ELQ1554A0A-20EB05 ARI|OT1
0,16x942x790 ALU/С|0,1
0,19x895x907 Alu/G|0,1
Жерсть 0,17*806*773 W/G|Жер
Жерсть 0,17*894*795 W/G х|Жер
0,18x860x873 Alu/G|0,1
0,14x913x766 USK A08|0,1
0,14x913x766 ALU/C|0,1
0,14x975x925 G/C USK|0,1
0,17x838x942 ALU/С|0,1
0,16x942x790 ALU/С|0,1
OT96 Alu/C HBI auto|OT9
OT96 Alu/C HBI auto|OT9
OT96 0,20  alu/g 28/28 11064|OT9
0,18x860x942 BLANK ZZY|0,1
OT62-ELQ6216A2A  USK ver3|OT6
OT070-ELQ7022A5A 21Е|OT0
OT070-ELQ7033A2A ERD test|OT0
OT070-ELQ7033A2A HAN test|OT0
0,17x922x868 HBI TH550 BLANK|0,1
0,17x922x868 HAN TH580 BLANK|0,1
0,16x942x790 W/G|0,1
OT153-ELQ0561A2A USK|OT1
OT96 0,20  alu/g ERD|OT9
OT96 0,20  alu/g ERD|OT9
OT96 0,20  alu/g 28/28 11064|OT9
OT96 0,22  alu/g New for BIL|OT9
OT99 0,22  alu/g New for BIL|OT9
0,14x975x925 G/C USK|0,1
OT153-ELQ1542A3A USK|OT1
0,16x942x790 ALU/С|0,1
0,14x913x766 ALU/C|0,1
0,14x913x766 ALU/C|0,1
0,14x975x925 G/C USK|0,1
OT99 ALU/G 0,19 USK|OT9
0,17x922x868 ERD TH580 BLANK|0,1
0,17x922x868 HBI TH580 BLANK|0,1
OT62-ELQ6216A2A  USK ver3|OT6
OT62-ELQ6216A2A  USK ver3|OT6
OT153-ELQ1554A0A USK|OT1
OT153-ELQ0561A2A HBI|OT1
OT96 0,22  alu/g New for BIL|OT9
OT96 0,22  alu/g ARS|OT9
OT99 0,22  alu/g New for BIL|OT9
0,20x808x908 HBI BLANK|0,2
0,17x922x868 W/G|0,1
0,16x920x778 W/G|0,1
0,22x700x694 W/G|0,2
0,22х866х700 W/G|0,2
OT070-ELQ7040A0A ERD|OT0
OT153-ELQ0561A2A USK|OT1
OT153-ELQ1554A0A USK|OT1
0,14x975x925 G/C USK|0,1
0,16x942x790 ALU/С|0,1
0,18x896x795 BLANK|0,1
0,18x896x795 BLANK|0,1
OT070-ELQ7013A9A|OT0
OT62-ELQ6216A2A  USK ver3|OT6
OT153-ELQ1542A3A USK|OT1
OT153-ELQ0561A2A USK|OT1
OT070-ELQ7022A6A|OT0
0,17x922x868 HBI TH580 BLANK|0,1
0,14x975x925 G/C USK|0,1
0,14x918x925 G/C|0,1
0,14x913x766 21E|0,1
0,17x959x901 BLANK|0,1
OT96 0,22  alu/g ARS|OT9
OT96 0,20  alu/g ARK|OT9
0,17x922x868 W/G|0,1
0,22x700x694 W/G|0,2
0,16x942x790 ALU/С|0,1
OT99-ELQ9999A0A ARP|OT9
OT153-ELQ0561A2A HBI|OT1
OT153-ELQ0561A2A USK|OT1
OT99-ELQ9999A0A_N/A|OT9
OT96 Alu/G Vaja (auto)|OT9
0,14x918x925 G/C|0,1
0,17x840x942 Alu/C|0,1
0,14x913x766 ALU/C|0,1
0,18x896x795 BLANK|0,1
0,17x896x795 BLANK|0,1
0,17x896x795 BLANK|0,1
OT153-ELQ0561A2A HBI|OT1
0,17x836x942 Alu/C|0,1
0,14x975x925 IMP G/C|0,1
OT62-ELQ6216A2A ver2|OT6
OT62-ELQ6216A2A ver2|OT6
OT070-ELQ7013A9A|OT0
0,17x922x868 HBI TH580 BLANK|0,1
0,17x896x795 BLANK|0,1
0,16x942x790 ALU/С|0,1
0,14x975x925 IMP G/C|0,1
0,14x975x925 IMP G/C|0,1
0,17x896x795 BLANK|0,1
0,20x908x1112 BLANK|0,2
0,18x877x1066 BLANK|0,1
OT96 0,20  alu/g ARK|OT9
OT96 0,20  alu/g ARK|OT9
0,22x700x694 W/G|0,2
0,22х866х700 W/G|0,2
0,17x922x868 W/G|0,1
0,14x913x766 21E|0,1
0,14x913x766 USK A08|0,1
0,14x913x766 BLANK|0,1
0,16x942x790 ALU/С|0,1
0,17x954x848 W/G|0,1
0,17x954x848 W/G|0,1
0,16x942x790 ALU/С|0,1
OT153-ELQ1542A3A USK|OT1
OT153-ELQ1554A0A USK|OT1
0,14x975x925 G/C USK|0,1
0,14x975x925 W/K USK|0,1
0,18x860x942 BLANK ERD|0,1
0,18x860x942 BLANK ZZY|0,1
0,18x860x942 BLANK TTT|0,1
0,20x838x838 BLANK|0,2
0,18x877x1066 BLANK|0,1
OT62-ELQ6216A2A ver2|OT6
0,18x830x801 Alu/C 28S|0,1
OT080-A07B05|OT0
OT096-V14B05|OT0
OT62-ELQ6216A2A ver2|OT6
OT62-ELQ6216A2A ver2|OT6
0,17x896x795 Alu/G|0,1
0,17x896x795 BLANK|0,1
0,16x942x790 ALU/С|0,1
0,16x942x790 BLANK|0,1
0,18x830x801 Alu/C 28S|0,1
0,18x830x801 Alu/C|0,1
0,14x975x925 IMP G/C|0,1
0,16x920x778 BLANK|0,1
0,18x860x873 USK ALU/G|0,1
OT99 W/G|OT9
0,17x922x868 ZZY BLANK|0,1
OT62-ELQ6216A2A ver2|OT6
OT070-ELQ7013A11A|OT0
OT070-ELQ7013A9A|OT0
OT153-ELQ0561A2A USK|OT1
OT153-ELQ0561A4A-14400 USK|OT1
OT153-ELQ1554A0A USK|OT1
0,16x942x790 BLANK|0,1
0,16x942x790 ALU/С|0,1
0,14x913x766 USK A08|0,1
0,17x896x795 Alu/G|0,1
0,18x855x1066 Alu/G|0,1
0,17x836x926 BLANK|0,1
0,14x975x925 G/C USK|0,1
0,18x877x1066 W/G|0,1
0,18x877x1066 BLANK|0,1
OT96 Alu/C HBI auto|OT9
0,17x959x901 BLANK|0,1
0,17x959x901 TTT BLANK|0,1
0,16x942x790 BLANK|0,1
0,16x942x790 ALU/С|0,1
0,19x895x907 Alu/G|0,1
0,19x895x907 ERD BLANK|0,1
0,18x896x795 BLANK|0,1
0,18x896x795 BLANK|0,1
0,18x894x795 BLANK|0,1
0,18x894x795 ERD BLANK|0,1
OT62-ELQ6215A5A HBI 21E|OT6
OT62-ELQ6216A2A ver2|OT6
0,14x975x925 G/C USK|0,1
0,20x908x1112 BLANK|0,2
OT153-ELQ1554A0A USK|OT1
OT153-ELQ1542A3A USK|OT1
OT153-ELQ1554A0A ERD|OT1
OT096-V14B05 ARF|OT0
OT99 0,20  alu/g TS275|OT9
OT099-V14B05|OT0
0,14x913x766 USK BLANK|0,1
0,14x913x766 USK A08|0,1
0,22x785x945 Alu/G|0,2
0,18x896x795 BLANK|0,1
0,18x896x795 ALU/G|0,1
0,16x942x790 ALU/С|0,1
0,16x942x790 ALU/С|0,1
0,16x942x790 ALU/С|0,1
0,17x860x795 BLANK|0,1
0,18x860x942 BLANK|0,1
0,16x920x778 BLANK|0,1
0,18x860x873 IMP ALU/G|0,1
OT62-ELQ6216A2A  USK ver3|OT6
OT62-ELQ6216A2A ver2|OT6
0,17x954x848 W/G|0,1
0,17x922x868 W/G|0,1
OT62-ELQ6216A2A ver2|OT6
OT153-ELQ1554A0A USK|OT1
0,17x838x942 -/G|0,1
0,18x896x907 ALU/G|0,1
0,17x959x901 BLANK|0,1
0,20x808x908 HBI BLANK|0,2
OT96 Alu/C HBI auto|OT9
0,20x808x908 HBI BLANK|0,2
OT070-ELQ7013A9A|OT0
0,17x896x795 W/C|0,1
0,17x896x795 W/C|0,1
0,17x860x795 BLANK|0,1
OT62-ELQ6216A2A ver2|OT6
OT62-ELQ6216A2A ver2|OT6
0,16x942x790 BLANK|0,1
OT99 USK ALU/G|OT9
0,17x922x868 HBI TH550 BLANK|0,1
0,14x913x766 USK A08|0,1
0,14x913x766 USK 21E|0,1
0,17x860x795 BLANK|0,1
0,17x896x795 BLANK|0,1
0,14x975x925 G/C USK|0,1
0,14x975x925 G/C USK|0,1
OT99-ELQ0730A0A|OT9
OT99-ELQ0730A0A|OT9
OT153-ELQ1554A0A USK|OT1
OT62-ELQ6216A2A  USK ver3|OT6
OT070-ELQ7013A9A|OT0
OT070-ELQ7013A9A|OT0
0,17x838x942 ALU/С|0,1
OT153-ELQ1554A0A USK|OT1
OT62-ELQ6216A2A ver2|OT6
OT62-ELQ6216A2A  USK ver3|OT6
0,19x895x907 BLANK|0,1
0,19x895x907 BLANK|0,1
0,17x838x942 ALU/С|0,1
0,17x860x795 BLANK|0,1
0,17x896x795 BLANK|0,1
OT070-ELQ7022A6A|OT0
OT96 Alu/G Vaja (auto)|OT9
0,17x959x901 BLANK|0,1
OT62-ELQ6216A2A  USK ver3|OT6
OT62-ELQ6216A2A ver2|OT6
OT96 Alu/C USK auto|OT9
OT153-ELQ1554A0A USK|OT1
OT153-ELQ1554A0A USK|OT1
OT153-ELQ1554A0A USK|OT1
OT99 USK ALU/G|OT9
0,18x877x1066 W/G|0,1
0,14x918x925 G/C|0,1
OT070-ELQ7013A9A|OT0
OT153-ELQ1542A3A USK|OT1
OT096-21EK05|OT0
0,17x840x942 W/G|0,1
0,18x860x942 W/G|0,1
0,17х860х795  W/G|0,1
0,17x896x795 W/G|0,1
0,18x896x795 W/G|0,1
0,14x918x925 W/G|0,1
0,14x975x925 W/G|0,1
0,18x877x1066 W/G USK|0,1
0,16x942x790 ALU/G|0,1
0,16x942x790 W/G RAS|0,1
0,17x954x848 W/G|0,1
0,17x959x901 W/G|0,1
0,18x896x907 BLANK|0,1
0,14х913х766 W/G|0,1
0,16x920x778 W/G RAS|0,1
0,17x922x868 W/G|0,1
0,18x860x873  BLANK|0,1
0,18x860x873 USK BLANK|0,1
OT62-ELQ6216A2A  USK ver3|OT6
0,17x896x795 BLANK|0,1
0,17x838x942 RAS ALU/С|0,1
OT96 Alu/C USK auto|OT9
0,17x896x795 BLANK|0,1
0,17x896x795 BLANK|0,1
0,17x838x942 RAS ALU/С|0,1
0,18x896x795 RAS BLANK|0,1
0,18x896x907 RAS BLANK|0,1
0,18x896x795 RAS BLANK|0,1
OT070-ELQ7013A9A|OT0
0,18x860x873 HBI BLANK|0,1
0,18x860x873 HBI BLANK|0,1
OT62-ELQ6216A2A  USK ver3|OT6
0,18x896x795 RAS BLANK|0,1
0,18x896x795 RAS BLANK|0,1
0,18x896x795 RAS BLANK|0,1
0,20x808x908 HBI BLANK|0,2
OT96 Alu/C USK auto|OT9
OT62-ELQ6215A5A USK 21E|OT6
0,17x896x795 BLANK|0,1
0,14x975x925 G/C USK|0,1
OT153-ELQ1554A0A USK|OT1
OT153-ELQ1554A0A|OT1
OT96 Alu/C HBI auto|OT9
OT070-ELQ7013A9A|OT0
0,19x895x907 BLANK|0,1
0,18x896x795 RAS BLANK|0,1
OT153-ELQ1554A0A|OT1
OT153-ELQ1554A0A|OT1
0,14x975x925 IMP G/C|0,1
0,17x838x942 RAS ALU/С|0,1
OT62-ELQ6216A2A  USK ver3|OT6
OT62-ELQ6216A2A ver2|OT6
0,18x860x873 HBI BLANK|0,1
0,19x895x907 BLANK|0,1
OT96 Alu/C USK auto|OT9
OT96 Alu/C HBI auto|OT9
0,20x808x908 HBI BLANK|0,2
OT153-ELQ1554A0A USK|OT1
OT153-ELQ1554A0A|OT1
0,17x896x795 BLANK|0,1
0,17x896x795 BLANK|0,1
0,17x896x795 BLANK|0,1
0,18x896x795 RAS BLANK|0,1
0,18x896x795 RAS BLANK|0,1
0,18x808x908 HBI BLANK|0,1
OT070-ELQ7013A9A|OT0
0,17x840x942 BLANK|0,1
OT99 USK ALU/G|OT9
0,17x896x795 BLANK|0,1
0,19x895x907 BLANK|0,1
0,19x895x907 BLANK|0,1
OT62-ELQ6216A2A  USK ver3|OT6
OT62-ELQ6216A2A ver2|OT6
OT153-ELQ1542A3A USK|OT1
0,18x860x873 HBI BLANK|0,1
0,18x860x873 HBI BLANK|0,1
0,17x838x942 RAS ALU/С|0,1
0,17x838x942 ALU/С|0,1
OT153-ELQ1554A0A-HBI-12800-QI|OT1
OT153-ELQ1554A0A-USK-12800-QI|OT1
OT96 Alu/C HBI auto|OT9
OT96 Alu/G Vaja (auto)|OT9
OT96 Alu/C HBI auto|OT9
OT99-ELQ9999A0A ARP|OT9
0,20x808x908 HBI BLANK|0,2
0,17x896x795 BLANK|0,1
0,18x896x795 RAS BLANK|0,1
0,18x896x795 USK BLANK|0,1
OT153-ELQ0561A4A-14400 USK|OT1
0,14x975x925 G/C USK|0,1
0,17x840x942 BLANK|0,1
0,17x838x942 ALU/С|0,1
0,18x896x795 USK BLANK|0,1
0,14x913x766 ALU/C|0,1
0,14x913x766 USK A08|0,1
OT070-ELQ7013A9A TH550|OT0
0,18x860x873 HBI BLANK|0,1
0,18x860x873 USK BLANK|0,1
0,18x877x1066 BLANK|0,1
0,17x896x795 BLANK|0,1
OT070-ELQ7013A9A|OT0
OT070-ELQ7013A9A TH550|OT0
0,18x860x873 USK BLANK|0,1
0,18x860x873 USK BLANK|0,1
0,19x895x907 BLANK|0,1
0,17x896x795 BLANK|0,1
0,17x896x795 BLANK|0,1
0,16x942x790 ALU/С|0,1
0,17x838x942 ALU/С|0,1
0,20x908x1112 RAS BLANK|0,2
0,17x840x942 BLANK|0,1
OT153-ELQ1542A3A HBI|OT1
0,18x860x873 USK BLANK|0,1
0,18x896x795 USK BLANK|0,1
OT99-ELQ9999A0A ARP|OT9
0,18x896x795 USK BLANK|0,1
0,18x877x1066 W/G|0,1
0,14x913x766 USK BLANK|0,1
0,14x975x925 IMP G/C|0,1
0,18x830x801 Alu/C 28S|0,1
0,14x913x766 USK A08|0,1
0,14x975x925 W/K USK|0,1
0,14x913x766 21E|0,1
0,14x913x766 USK A08|0,1
0,16x920x778 BLANK|0,1
OT99-921XQ 0,20 ALU/G|OT9
OT99-921XQ 0,20 ALU/G|OT9
OT096-A07B05 USK Vaja auto|OT0
OT96 Alu/C USK auto|OT9
OT99-ELQ9999A0A ARP|OT9
OT070-ELQ7033A2A  TH580|OT0
OT99-921XQ 0,20 A55B05|OT9
OT070-ELQ7013A9A TH550|OT0
0,16x942x790 ALU/С|0,1
OT070-ELQ7022A6A USK|OT0
0,16x942x790 ALU/С|0,1
0,17x896x795 BLANK|0,1
0,17x896x795 BLANK|0,1
0,17x860x795 BLANK|0,1
0,17x860x795 BLANK|0,1
OT153-ELQ1542A3A USK|OT1
0,16x942x790 BLANK|0,1
0,17x838x942 ALU/С|0,1
0,17x838x942 ALU/С|0,1
0,14x975x925 G/C USK|0,1
0,14x975x925 G/C USK|0,1
0,16x920x778 USK Alu/C|0,1
0,18x808x908 HBI BLANK|0,1
0,19x895x907 BLANK|0,1
0,19x895x907 USK BLANK|0,1
0,16x942x790 ALU/С|0,1
0,18x830x801 Alu/C 28S|0,1
0,18x830x801 Alu/C 28S|0,1
0,18x860x873 USK BLANK|0,1
OT99-ELQ9999A0A ARP|OT9
OT96 Alu/C USK auto|OT9
OT96 Alu/C USK auto|OT9
OT070-ELQ7013A9A TH550|OT0
OT070-ELQ7013A9A TH550|OT0
0,14x918x925 G/C|0,1
0,14x918x925 W/C|0,1
0,14x918x925 USK G/C|0,1
0,17x860x795 BLANK|0,1
0,17x860x795 BLANK|0,1
0,18x896x795 USK BLANK|0,1
0,17x896x795 BLANK|0,1
0,17x896x795 BLANK|0,1
0,17x838x942 ALU/С|0,1
0,17x838x942 ALU/С|0,1
0,14x913x766 USK A08|0,1
0,14x913x766 USK 21E|0,1
0,14x913x766 USK BLANK|0,1
0,16x942x790 ALU/С|0,1
0,16x942x790 ALU/С|0,1
OT96 Alu/C HBI auto|OT9
OT96 Alu/C HBI auto|OT9
OT99-ELQ9991A0A ARP|OT9
OT153-ELQ1542A3A USK|OT1
OT153-ELQ1542A3A USK|OT1
OT153-ELQ1542A3A HBI|OT1
OT070-ELQ7013A9A TH550|OT0
OT070-ELQ7013A9A TH550|OT0
0,18x896x795 USK BLANK|0,1
0,18x896x795 USK BLANK|0,1
OT99 USK ALU/G|OT9
OT99 USK ALU/G|OT9
0,17x896x795 BLANK|0,1
0,17x896x795 BLANK|0,1
0,17x896x795 BLANK|0,1
OT153-ELQ0561A4A-14400 HBI|OT1
OT153-ELQ0561A2A USK|OT1
OT96 Alu/G Vaja (auto)|OT9
0,18x896x795 BLANK|0,1
0,18x830x801 Alu/C 28S|0,1
0,18x808x908 HBI BLANK|0,1
0,20x808x908 HBI BLANK|0,2
0,14x975x925 G/C USK|0,1
0,14x913x766 USK 21E|0,1
0,14x975x925 G/C USK|0,1
0,14x975x925 G/C USK|0,1
0,17x954x848 W/G|0,1
0,16x942x790 W/G RAS|0,1
0,17x896x795 W/G|0,1
0,17x922x868 W/G|0,1
0,18x896x795 W/G|0,1
0,17x838x942 -/G|0,1
0,18x877x1066 BLANK|0,1
0,17x896x942 USK BLANK|0,1
OT153-ELQ0561A4A-14400 USK|OT1
0,17x896x942 USK BLANK|0,1
0,17x840x942 BLANK|0,1
OT070-ELQ7033A2A  TH580|OT0
OT070-ELQ7033A2A  TH580 USK|OT0
0,17x838x942 ALU/С|0,1
0,17x838x942 USK ALU/С|0,1
OT96 Alu/C USK auto|OT9
OT96 Alu/C USK auto|OT9
0,20x808x908 USK BLANK|0,2
0,20x808x908 HBI BLANK|0,2
OT096-A07B05 USK Vaja auto|OT0
0,18x808x908 HBI BLANK|0,1
0,18x808x908 USK BLANK|0,1
0,27x950x780 USK BLANK|0,2
0,14x975x925 G/C USK|0,1
OT153-ELQ1554A0A USK|OT1
OT153-ELQ1554A0A USK|OT1
0,16x920x778 USK Alu/C|0,1
0,17*860*942 HBI BLANK|0,1
OT62-ELQ6215A5A USK 21E|OT6
OT62-ELQ6216A2A  USK ver3|OT6
OT62-ELQ6216A2A ver2|OT6
OT62-ELQ6216A2A  USK ver3|OT6
OT070-ELQ7013A9A USK|OT0
OT070-ELQ7033A2A  TH580 USK|OT0
OT153-ELQ1542A3A USK|OT1
OT153-ELQ1542A3A USK|OT1
OT070-ELQ7022A6A 28/28 USK|OT0
0,19x895x907 USK BLANK|0,1
0,18x877x942 USK BLANK|0,1
0,17x838x942 USK ALU/С|0,1
0,17x838x942 USK BLANK|0,1
0,14x975x925 G/C USK|0,1
0,14x918x925 IMP G/C|0,1
0,14x918x925 G/C|0,1
0,17x922x942 HBI BLANK|0,1
0,14x975x925 IMP G/C|0,1
0,14x975x925 G/C USK|0,1
0,14x975x925 G/C USK|0,1
0,18x808x908 USK BLANK|0,1
0,18x808x908 USK BLANK|0,1
OT096-A07B05 USK Vaja auto|OT0
0,20x808x908 USK BLANK|0,2
0,18x808x908 ERD BLANK|0,1
0,16x920x778 USK Alu/C|0,1
0,16x942x790 ALU/С|0,1
OT62-ELQ6216A2A  USK ver3|OT6
0,18x896x795 USK W/С|0,1
0,17x896x795 W/C|0,1
0,17x959x901 USK BLANK|0,1
OT62-ELQ6216A2A  USK ver3|OT6
0,17x959x901 USK BLANK|0,1
0,14x975x925 G/C USK|0,1
0,17x838x942 ALU/С|0,1
0,17x838x942 USK ALU/С|0,1
OT153-ELQ1542A3A USK|OT1
OT96 Alu/C USK auto|OT9
OT96 Alu/C HBI auto|OT9
OT070-ELQ7013A9A TH550|OT0
OT070-ELQ7013A9A|OT0
OT070-ELQ7033A2A  TH580 USK|OT0
0,19x895x907 USK BLANK|0,1
0,14x975x925 G/C USK|0,1
0,17x838x942 ALU/С|0,1
0,17x838x942 ALU/С|0,1
OT099-V14B05|OT0
0,17*860*942 HBI BLANK|0,1
0,17*860*942 HBI BLANK|0,1
0,17x860x795 BLANK|0,1
0,18x877x1066 W/G IMP|0,1
0,18x808x908 USK BLANK|0,1
OT96 Alu/C HBI auto|OT9
OT96 Alu/G Vaja (auto)|OT9
OT96 Alu/G Vaja (auto)|OT9
0,18x830x801 Alu/C 28S|0,1
0,18x808x908 USK BLANK|0,1
0,18x830x801 Alu/C 28S|0,1
0,18x830x801 Alu/C 28S|0,1
OT070-ELQ7013A9A|OT0
0,14x975x925 G/C USK|0,1
OT62-ELQ6216A2A  USK ver3|OT6
0,18x860x873 USK BLANK|0,1
0,14x913x766 USK A08|0,1
0,16x942x790 ALU/С|0,1
0,17x838x942 ALU/С|0,1
0,18x860x873 TH460 ARF BLANK|0,1
0,18x860x873 TH460 USK BLANK|0,1
OT99-921XQ 0,20 ALU/G|OT9
OT96 Alu/C HBI auto|OT9
0,14x975x925 G/C|0,1
OT99-D10B05|OT9
OT96-D10B05|OT9
0,19x902x907 USK BLANK|0,1
OT070-ELQ7013A9A|OT0
OT62-ELQ6216A2A  USK ver3|OT6
0,17x922x868 HBI TH550 BLANK|0,1
OT070-ELQ7013A9A|OT0
OT153-ELQ1554A0A|OT1
OT153-ELQ1542A3A HBI|OT1
OT153-ELQ1554A0A|OT1
0,14x950x925 G/C USK|0,1
0,17x838x942 BLANK|0,1
OT070-ELQ7022A6A|OT0
OT070-ELQ7013A9A|OT0
0,16x920x778 USK BIL|0,1
0,15x912x925 G/C HBI|0,1
OT96 Alu/G Vaja (auto)|OT9
OT96 Alu/C HBI auto|OT9
0,17*860*942 HBI BLANK|0,1
0,14x918x925 G/C|0,1
0,14x975x925 G/C|0,1
0,19x902x907 USK BLANK|0,1
0,16x942x790 ALU/С|0,1
0,16x942x790 ALU/С|0,1
0,14x950x925 G/C USK|0,1
OT153-ELQ1542A3A HBI|OT1
0,15x912x925 G/C HBI|0,1
OT153-ELQ1554A0A|OT1
OT153-ELQ1554A0A|OT1
OT153-ELQ1542A3A HBI|OT1
OT96 Alu/G Vaja (auto)|OT9
OT153-ELQ1554A0A|OT1
0,14x924x926 USK IMP G/K|0,1
0,16x920x778 USK Alu/C|0,1
0,16x920x778 Alu/C|0,1
0,14x913x766 21E|0,1
0,17x838x942 BLANK|0,1
0,14x913x766 ALU/C|0,1
0,14x975x925 G/C|0,1
0,27x950x780 HBI BLANK|0,2
0,18x860x873  BLANK|0,1
0,14x975x925 G/C|0,1
0,18x860x873  BLANK|0,1
OT99-921XQ 0,20 ALU/G|OT9
0,17x838x942 ALU/С|0,1
0,14x913x766 ALU/C|0,1
0,17x896x795 BLANK|0,1
0,18x896x795 USK BLANK|0,1
0,18x896x795 RAS BLANK|0,1
0,17x860x795 BLANK|0,1
|
OT153-ELQ1554A0A|OT1
OT153-ELQ1542A3A HBI|OT1
0,18x860x873  BLANK|0,1
OT96 Alu/C HBI auto|OT9
OT96 Alu/C HBI auto|OT9
0,18x808x908 HBI BLANK|0,1
0,14x975x925 G/C|0,1
0,15x975x925 G/C RAS|0,1
0,15x918x925 G/C RAS|0,1
0,14x920x778 Alu/C RAS|0,1
0,16x920x778 Alu/C|0,1
OT62-ELQ6216A2A  USK ver3|OT6
OT62-ELQ6216A2A ver2|OT6
0,15x918x925 G/C RAS|0,1
0,17x896x795 BLANK|0,1
0,17x838x942 ALU/С|0,1
0,19x895x907 BLANK|0,1
0,19x895x907 BLANK|0,1
0,17x896x795 W/C|0,1
0,15x918x925 G/C RAS|0,1
0,15x918x925 G/C RAS|0,1
0,15x918x925 G/C RAS|0,1
OT96-15VK05 HBIS|OT9
OT153-ELQ0561A2A HBI|OT1
OT70-ELQ7022A5A TH550|OT7
0,17x959x901 BLANK|0,1
0,18x860x873  BLANK|0,1
OT99-921XQ 0,20 ALU/G|OT9
OT99-921XQ 0,20 ALU/G|OT9
0,17x896x795 BLANK|0,1
0,15x918x925 G/C RAS|0,1
0,14x913x766 ALU/C|0,1
0,14x913x766 21E|0,1
0,15x975x925 W/C RAS|0,1
0,16x942x790 ALU/С|0,1
OT96 Alu/C HBI auto|OT9
OT62-ELQ6216A2A ver2|OT6
OT62-ELQ6216A2A ver2|OT6
0,18x860x873  BLANK|0,1
OT153-ELQ1554A0A|OT1
OT153-ELQ0561A2A HBI|OT1
0,17x860x795 BLANK|0,1
OT153-ELQ1542A3A HBI|OT1
OT96 Alu/C HBI auto|OT9
0,16x942x790 ALU/С|0,1
0,18x808x908 HBI BLANK|0,1
OT070-ELQ7013A9A TH550|OT0
OT070-ELQ7013A9A ERD|OT0
0,17x838x942 ALU/С|0,1
OT153-W18U23 USK|OT1
OT153-ELQ1542A3A USK|OT1
OT153-ELQ1542A3A HBI|OT1
OT153-ELQ1554A0A|OT1
OT99-D10B05 203XQ|OT9
0,19x895x907 BLANK|0,1
0,15x918x925 BLANK RAS|0,1
0,15x918x925 G/C RAS|0,1
OT153-W18B35 USK|OT1
0,14x913x766 ALU/C|0,1
0,14x913x766 21E|0,1
0,19x895x907 BLANK|0,1
OT62-ELQ6216A2A ver2|OT6
OT62-ELQ6216A2A ver2|OT6
0,17x896x795 BLANK|0,1
OT96 Alu/C HBI auto|OT9
OT96 Alu/C HBI auto|OT9
0,17x838x942 ALU/С|0,1
0,18x896x795 BLANK|0,1
0,15x975x925 G/C USK|0,1
0,17x838x942 ALU/С|0,1
0,16x920x778 Alu/C|0,1
0,17x922x868 HBI TH550 BLANK|0,1
OT153-ELQ1554A0A USK|OT1
OT153-ELQ1554A0A|OT1
OT070-ELQ7013A9A|OT0
OT62-ELQ6216A2A ver2|OT6
OT62-ELQ6216A2A ver2|OT6
0,15x918x925 G/C USK|0,1
0,17x838x942 ALU/С|0,1
0,18x860x873  BLANK|0,1
0,14x913x766 USK BLANK|0,1
0,14x913x766 USK A08|0,1
OT96 Alu/C HBI auto|OT9
OT070-ELQ7013A9A|OT0
0,16x942x790 ALU/С USK|0,1
0,16x942x790 ALU/С|0,1
0,17x838x942 ALU/С|0,1
0,17x838x942 ALU/С|0,1
0,20x838x690 BLANK|0,2
0,15x975x925 G/C USK|0,1
0,14x975x925 G/C USK|0,1
OT070-ELQ7013A9A|OT0
OT070-ELQ7022A5A 21Е HBI|OT0
0,17x896x795 BLANK USK|0,1
0,17x896x795 BLANK USK|0,1
0,15x918x925 G/C USK|0,1
0,15x918x925 G/C USK|0,1
OT070-ELQ7013A11A|OT0
OT070-ELQ7013A9A|OT0
OT070-ELQ7013A9A|OT0
0,15x975x925 G/C USK|0,1
0,14x975x925 G/C USK|0,1
0,17x896x795 BLANK|0,1
0,17x896x795 BLANK USK|0,1
0,16x942x790 ALU/С|0,1
0,18x896x795 BLANK|0,1
0,18x896x795 BLANK|0,1
0,15x975x925 G/C USK|0,1
0,15x918x925 G/C USK|0,1
0,17x838x942 ALU/С|0,1
0,17x838x942 ALU/С|0,1
OT96 Alu/C HBI auto|OT9
0,18x808x908 HBI BLANK|0,1
OT62-ELQ6215A5A HBI 21E|OT6
OT62-ELQ6216A2A ver2|OT6
OT070-ELQ7013A9A|OT0
OT070-ELQ7013A9A|OT0
0,16x920x778 Alu/C|0,1
0,14x913x766 USK A08|0,1
0,18x877x1066 W/G|0,1
0,18x896x795 BLANK|0,1
0,18x896x795 BLANK|0,1
0,18x896x795 BLANK|0,1
0,14x975x925 G/C USK|0,1
OT153-ELQ1554A0A USK|OT1
0,18x860x873  BLANK|0,1
0,14x975x925 W/K USK|0,1
0,17x838x942 ALU/С|0,1
0,17x838x942 ALU/С|0,1
0,18x896x795 BLANK|0,1
OT070-ELQ7013A9A|OT0
0,19x895x907 USK BLANK|0,1
OT96 Alu/C HBI auto|OT9
OT62-ELQ6216A2A ver2|OT6
OT62-ELQ6216A2A ver2|OT6
0,18x860x873  BLANK|0,1
0,18x860x873  BLANK|0,1
0,16x920x778 W/G|0,1
0,17x922x868 W/G|0,1
0,17x954x848 W/G|0,1
0,17x959x901 W/G|0,1
0,17x838x942 W/G|0,1
0,17x840x942 W/G|0,1
0,17х860х795  W/G|0,1
0,18x860x942 W/G|0,1
0,17x896x795 W/G|0,1
0,18x896x795 W/G|0,1
0,14x918x925 W/G|0,1
0,14х950х925  W/G|0,1
0,14x975x925 W/G|0,1
OT153-20EB05 TEST|OT1
0,18x896x795 BLANK|0,1
0,18x896x795 USK BLANK|0,1
0,17x896x795 BLANK|0,1
0,17x838x942 ALU/С|0,1
0,17x838x942 ALU/С|0,1
OT070-ELQ7013A9A|OT0
0,14x913x766 USK A08|0,1
0,14x913x766 USK BLANK|0,1
OT62-ELQ6216A2A ver2|OT6
OT62-ELQ6216A2A ver2|OT6
0,20x908x1112 RAS BLANK|0,2
0,17x838x942 BLANK|0,1
0,15x975x925 G/C USK|0,1
0,14x975x925 W/K USK|0,1
0,14x918x925 USK G/C|0,1
0,18x896x795 USK BLANK|0,1
0,16x942x790 ALU/С|0,1
0,16x942x790 ALU/С|0,1
OT070-ELQ7033A2A  TH580|OT0
0,14x913x766 USK A08|0,1
OT070-ELQ7013A9A TH550|OT0
0,16x942x790 ALU/С|0,1
0,18x860x873  BLANK|0,1
0,18x860x873  BLANK|0,1
0,17x896x795 BLANK|0,1
0,17x896x795 BLANK|0,1
0,17x896x795 BLANK|0,1
0,19x895x907 BLANK|0,1
0,14x913x766 USK 21E|0,1
OT070-ELQ7033A2A  TH580|OT0
0,16x942x790 ALU/С|0,1
0,16x920x778 Alu/C|0,1
0,18x896x795 USK BLANK|0,1
0,16x920x778 BLANK|0,1
OT62-ELQ6216A2A  BAO|OT6
OT62-ELQ6215A5A HBI 21E|OT6
OT153-ELQ1554A0A USK|OT1
OT153-ELQ1554A0A|OT1
OT070-ELQ7033A2A  TH580|OT0
OT96-15VK05 HBIS|OT9
OT96-15VK05 HBIS|OT9
0,20x808x908 HBI BLANK|0,2
0,18x808x908 HBI BLANK|0,1
OT99-ELQ9999A0A ARP RAS|OT9
OT99-921XQ 0,20 ALU/G|OT9
0,16x942x790 ALU/С|0,1
0,16x942x790 ALU/С USK|0,1
0,14x913x766 USK A08|0,1
0,18x860x873 USK BLANK|0,1
0,18x860x873 HBI BLANK|0,1
0,16x920x778 Alu/C|0,1
0,19x895x907 BLANK|0,1
OT096-21EK05|OT0
OT96 Alu/C HBI auto|OT9
OT153-ELQ1554A0A|OT1
OT070-ELQ7022A6A 28/28 USK|OT0
OT070-ELQ7033A2A  TH580 USK|OT0
0,14x975x925 G/C|0,1
0,14x975x925 G/C USK|0,1
0,17x838x942 ALU/С|0,1
OT153-ELQ1554A0A BAO|OT1
0,17x838x942 TH435 ALU/С|0,1
OT62-ELQ6215A5A HBI 21E|OT6
OT62-ELQ6216A2A ver2|OT6
OT62-ELQ6216A2A ver2|OT6
0,17x838x942 ALU/С|0,1
OT062-ELQ6216A3A USK|OT0
OT070-ELQ7033A2A  BAO|OT0
0,17x922x868 HBI TH550 BLANK|0,1
0,15x975x925 G/C USK|0,1
0,14x975x925 W/K USK|0,1
0,17x896x795 BLANK|0,1
0,17x896x795 BLANK|0,1
0,16x942x790 ALU/С|0,1
0,16x942x790 ALU/С USK|0,1
OT96 Alu/C HBI auto|OT9
OT96-15VK05 HBIS|OT9
OT153-ELQ1554A0A BAO|OT1
0,17x896x795 BLANK|0,1
0,18x896x795 BAO BLANK|0,1
OT070-ELQ7013A11A BAO|OT0
OT070-ELQ7033A2A  BAO|OT0
0,18x896x795 USK BLANK|0,1
0,18x896x795 BLANK|0,1
0,19x895x907 BAO BLANK|0,1
0,18x860x873 BAO BLANK|0,1
0,18x860x873 BAO BLANK|0,1
0,16x920x778 BLANK|0,1
0,16x920x778 Alu/C|0,1
0,16x942x790 ALU/С|0,1
0,16x942x790 ALU/С|0,1
0,14x913x766 USK 21E|0,1
OT070-ELQ7022A5A 21Е HBI|OT0
OT070-ELQ7013A9A|OT0
OT153-ELQ1554A0A BAO|OT1
OT99-21EK05 203XQ|OT9
OT99-A75B05 USK 2,8/2,8|OT9
OT99-ELQ9999A0A ARP RAS|OT9
OT99-ELQ9991A0A ARP|OT9
OT153-ELQ1542A3A USK|OT1
0,17x896x795 BLANK USK|0,1
0,17x896x795 BAO BLANK|0,1
0,18x896x795 BAO BLANK|0,1
OT62-ELQ6216A2A ver2|OT6
OT62-ELQ6216A2A ver2|OT6
0,16x942x790 ALU/С|0,1
0,16x920x778 BLANK|0,1
OT96-15VK05 HBIS|OT9
OT062-20EK05 HBI|OT0
OT96 Alu/C HBI auto|OT9
OT096-21EK05|OT0
0,17x896x795 BLANK USK|0,1
0,17x896x795 BAO BLANK|0,1
0,18x896x795 BAO BLANK|0,1
0,17x838x942 ALU/С BAO|0,1
OT153-ELQ1554A0A USK|OT1
OT070-ELQ7033A2A  TH580|OT0
0,17x922x868 HBI TH550 BLANK|0,1
0,14x913x766 -/G|0,1
OT62-ELQ6216A2A ver2|OT6
0,14x913x766 USK BLANK|0,1
0,14x913x766 USK A08|0,1
0,18x860x873 USK BLANK|0,1
0,18x860x873 USK BLANK|0,1
0,19x895x907 USK BLANK|0,1
0,19x895x907 USK BLANK|0,1
0,17x922x868 W/G|0,1
0,16x942x790 W/G RAS|0,1
0,17x954x848 W/G|0,1
0,17x838x942 W/G|0,1
0,17x896x795 W/G|0,1
0,18x896x795 W/G|0,1
0,14x975x925 W/G|0,1
0,18x860x942 W/G|0,1
0,14x913x766 USK 21E|0,1
0,14x913x766 USK A08|0,1
OT062-ELQ6216A3A USK|OT0
OT153-ELQ1554A0A USK|OT1
0,27x950x780 USK BLANK|0,2
0,14x975x925 G/C USK|0,1
0,18x896x795 USK BLANK|0,1
0,18x896x795 USK BLANK|0,1
0,18x896x795 BLANK|0,1
0,14x913x766 USK 21E|0,1
0,18x896x795 BLANK|0,1
0,18x896x795 BAO BLANK|0,1
0,14x913x766 USK A08|0,1
OT070-ELQ7013A9A|OT0
0,16x920x778 RAS BLANK|0,1
0,19x895x907 USK BLANK|0,1
0,18x860x873 USK BLANK|0,1
OT96 Alu/C BAO auto|OT9
OT96 Alu/G BAO auto|OT9
OT96 Alu/C BAO auto|OT9
0,20x808x908 BAO BLANK|0,2
0,16x942x790 ALU/С|0,1
0,16x942x790 ALU/С|0,1
OT153-ELQ1542A3A USK|OT1
0,16x942x790 ALU/С|0,1
OT153-ELQ1554A0A|OT1
OT153-ELQ1554A0A BAO|OT1
OT153-ELQ1554A0A|OT1
0,17x896x795 BLANK USK|0,1
0,17x896x795 BLANK USK|0,1
0,16x942x790 ALU/С|0,1
0,18x896x795 BLANK|0,1
0,18x896x795 BLANK|0,1
0,17x896x795 BLANK USK|0,1
0,17x922x868 BAO BLANK|0,1
0,18x896x795 BAO BLANK|0,1
0,18x896x795 BAO BLANK|0,1
0,18x896x795 BAO BLANK|0,1
0,18x896x795 BAO BLANK|0,1
0,18x896x795 BAO BLANK|0,1
0,19x895x907 USK BLANK|0,1
0,19x895x907 USK BLANK|0,1
0,18x860x873 USK BLANK|0,1
0,18x860x873 USK BLANK|0,1
OT153-ELQ1542A3A HBI|OT1
0,17x896x795 BLANK USK|0,1
0,17x896x795 BAO BLANK|0,1
0,19x895x907 BAO BLANK|0,1
0,17x838x942 ALU/С|0,1
0,17x838x942 ALU/С|0,1
OT062-ELQ6216A3A USK|OT0
OT62-ELQ6216A2A ver2|OT6
0,14x913x766 USK 21E|0,1
0,14x913x766 USK A08|0,1
0,14x913x766 USK BLANK|0,1
OT070-ELQ7013A9A  BAO|OT0
OT070-ELQ7013A9A  BAO|OT0
OT070-ELQ7013A4A|OT0
0,18x896x795 BLANK|0,1
0,17x896x795 BAO BLANK|0,1
OT96 Alu/C BAO auto|OT9
OT153-ELQ1554A0A USK|OT1
OT153-ELQ1542A3A BAO|OT1
OT070-ELQ7022A5A HBI TH550|OT0
OT070-ELQ7013A4A|OT0
OT070-ELQ7013A11A BAO|OT0
OT070-ELQ7033A2A  BAO|OT0
0,17x959x901 USK BLANK|0,1
0,17x959x901 BLANK|0,1
OT96 Alu/C BAO auto|OT9
0,18x808x908 HBI BLANK|0,1
0,17x838x942 USK ALU/С|0,1
0,14x918x925 USK BLANK|0,1
0,16x920x778 RAS BLANK|0,1
OT99-ELQ9999A0A ARP|OT9
OT99-921XQ 0,20 ALU/G 36608|OT9
|
OT96 Alu/C BAO auto|OT9
OT96 Alu/C BAO auto|OT9
0,18x896x795 BAO W/С|0,1
0,18x896x795 BAO W/С|0,1
0,16x942x790 ALU/С|0,1
0,16x942x790 ALU/С|0,1
0,16x942x790 W/G|0,1
0,14x913x766 USK A08|0,1
0,18x850x942 HEN BLANK|0,1
0,17x896x795 BAO BLANK|0,1
0,17x896x795 BAO BLANK|0,1
0,17x860x795 BLANK|0,1
0,14x975x925 G/C USK|0,1
0,18x860x873 BAO BLANK|0,1
OT62-ELQ6216A2A ver2|OT6
OT62-ELQ6216A2A  BAO|OT6
0,14x975x925 G/C USK|0,1
0,17x838x942 USK ALU/С|0,1
0,18x896x795 W/С|0,1
OT153-ELQ1542A3A HBI|OT1
OT153-ELQ1554A0A USK|OT1
OT153-ELQ1554A0A BAO|OT1
0,18x877x1066 BLANK|0,1
0,18x896x795 BAO W/С|0,1
0,18x896x795 BAO W/С|0,1
OT153-ELQ1542A3A BAO|OT1
OT99-21EK05 203XQ|OT9
OT070-ELQ7013A9A  BAO|OT0
OT070-ELQ7033A2A  BAO|OT0
0,19x895x907 USK BLANK|0,1
0,18x896x795 BAO W/С|0,1
0,18x896x795 BAO W/С|0,1
OT96 Alu/C BAO auto|OT9
0,20x808x908 HBI BLANK|0,2
0,19x895x907 BLANK|0,1
0,19x895x907 USK BLANK|0,1
OT96 Alu/C BAO auto|OT9
0,20x808x908 HBI BLANK|0,2
0,18x808x908 HBI BLANK|0,1
0,16x942x790 ALU/С|0,1
0,16x942x790 W/G|0,1
0,18x896x795 W/С|0,1
0,18x896x795 BAO W/С|0,1
OT153-ELQ1542A3A BAO|OT1
0,14x913x766 USK A08|0,1
0,14x913x766 USK BLANK|0,1
0,17x860x795 USK BLANK|0,1
0,17x860x795 BLANK|0,1
0,17x860x795 BLANK|0,1
0,18x860x873 BAO BLANK|0,1
0,18x860x873 BAO BLANK|0,1
0,18x860x873 BAO BLANK|0,1
OT062-20EK05 BAO|OT0
OT062-15VK05 0,15 USK|OT0
0,19x895x907 BLANK|0,1
0,19x895x907 BAO BLANK|0,1
0,19x895x907 BAO BLANK|0,1
0,19x895x907 BAO BLANK|0,1
0,18x860x873 BAO BLANK|0,1
0,18x860x873 BAO BLANK|0,1
0,18x860x873 BAO BLANK|0,1
0,18x860x873 BAO BLANK|0,1
0,17x922x868 HBI TH550 BLANK|0,1
OT070-ELQ7033A2A  BAO|OT0
OT070-ELQ7033A2A  BAO|OT0
0,17х922х868 BAO BLANK|0,1
0,18x896x795 BAO W/С|0,1
0,18x896x795 W/С|0,1
OT153-ELQ1554A0A BAO|OT1
OT070-21EK05 0,16 HBI|OT0
0,14x975x925 W/K USK|0,1
0,14x975x925 G/C USK|0,1
OT96 Alu/C BAO auto|OT9
OT96 ALU/C 0,18 USK auto|OT9
0,18x896x795 BLANK|0,1
0,18x896x795 BAO BLANK|0,1
OT99-21EK05 203XQ|OT9
OT99-ELQ9991A0A ARP|OT9
0,17x896x795 BLANK|0,1
0,17x896x795 BAO BLANK|0,1
OT062-20EK05 BAO|OT0
0,17x838x942 USK ALU/С|0,1
0,17x838x942 ALU/С BAO|0,1
0,19x895x907 BLANK|0,1
0,16x942x790 ALU/С|0,1
OT153-ELQ1542A3A BAO|OT1
0,16x942x790 ALU/С|0,1
0,16x942x790 ALU/С USK|0,1
OT96-15VK05 HBIS|OT9
0,20x808x908 HBI BLANK|0,2
OT96 ALU/C 0,18 HBI auto|OT9
0,18x808x908 HBI BLANK|0,1
0,16x920x778 RAS BLANK|0,1
OT070-ELQ7033A2A  BAO|OT0
OT070-ELQ7033A2A  BAO|OT0
OT070-ELQ7013A4A|OT0
0,17x838x942 ALU/С BAO|0,1
0,17x838x942 ALU/С BAO|0,1
0,14x975x925 G/C USK|0,1
0,14x975x925 G/C USK|0,1
0,14x975x925 G/C USK|0,1
0,19x895x907 BLANK|0,1
0,19x895x907 BLANK|0,1
0,19x895x907 BAO BLANK|0,1
0,19x895x907 USK BLANK|0,1
0,16x942x790 ALU/С|0,1
0,16x942x790 ALU/С|0,1
0,18x860x873 BAO BLANK|0,1
0,14x913x766 USK A08|0,1
0,14x913x766 USK A08|0,1
0,17x838x942 ALU/С BAO|0,1
OT070-ELQ7022A5A 21Е|OT0
OT070-ELQ7013A9A  BAO|OT0
0,17x922x868 HBI TH550 BLANK|0,1
0,17x896x795 BLANK USK|0,1
0,17x896x795 BAO BLANK|0,1
0,17x896x795 BAO BLANK|0,1
0,18x896x795 USK BLANK|0,1
0,18x896x795 BAO BLANK|0,1
0,18x896x795 BLANK|0,1
0,17x896x795 BAO BLANK|0,1
OT96 ALU/C 0,18 HBI auto|OT9
0,19x895x907 BLANK|0,1
OT153-20EB05 TEST|OT1
OT153-20EB05 BAO TEST|OT1
0,18x877x843 USK BLANK|0,1
0,18x877x1066 W/G|0,1
0,17x896x795 BLANK USK|0,1
0,17x896x795 BAO BLANK|0,1
OT070-ELQ7013A9A  BAO|OT0
OT070-ELQ7033A2A  BAO|OT0
0,14x918x925 USK 21EK05|0,1
0,16x920x778 RAS BLANK|0,1
0,17x896x795 W/G|0,1
0,14x913x766 USK 09AK05|0,1
OT153-20EB05 TEST|OT1
0,14x913x766 USK BLANK|0,1
0,17x896x795 BLANK USK|0,1
0,17x896x795 BAO BLANK|0,1
OT070-ELQ7022A5A 21Е|OT0
OT070-ELQ7033A2A  BAO|OT0
0,17х922х868 USK TH550 BLANK|0,1
OT070-ELQ7013A4A|OT0
OT070-21EK05 0,16 HBI|OT0
0,16x920x778 Alu/C|0,1
0,16x920x778 RAS BLANK|0,1
OT96 ALU/C 0,18 HBI auto|OT9
OT96 Alu/C BAO auto|OT9
0,17x838x942 USK ALU/С|0,1
OT153-ELQ1542A3A USK|OT1
0,16x942x790 ALU/С|0,1
0,14x913x766 USK A08|0,1
0,17x838x942 ALU/С BAO|0,1
0,17x896x795 BLANK USK|0,1
0,17x896x795 BLANK|0,1
0,19х895х901  G/G|0,1
0,18x860x873  BLANK|0,1
0,18x860x873 BAO BLANK|0,1
OT99-ELQ9999A0A ARP|OT9
0,18x896x795 BLANK|0,1
0,17x838x942 USK ALU/С|0,1
OT070-ELQ7022A5A 21Е|OT0
0,17х922х868 USK TH550 BLANK|0,1
OT96 Alu/C BAO auto|OT9
OT96 ALU/C 0,18 USK auto|OT9
0,16x920x778 RAS BLANK|0,1
0,18x896x795 BAO BLANK|0,1
0,18x896x795 BLANK|0,1
0,14x913x766 USK 21E|0,1
0,18x896x795 USK BLANK|0,1
0,20x838x690 BLANK|0,2
0,18x877x1066 BLANK|0,1
OT070-ELQ7013A9A  BAO|OT0
OT070-ELQ7013A11A BAO|OT0
OT070-21EK05 0,16 HBI|OT0
OT070-ELQ7013A4A|OT0
OT99-ELQ9991A0A ARP|OT9
OT62-ELQ6216A2A  BAO|OT6
OT062-ELQ6216A3A USK|OT0
OT153-ELQ1542A3A BAO|OT1
0,27x950x780 BAO BLANK|0,2
OT062-ELQ0830A9A BAO|OT0
OT99-921XQ 0,20 ALU/G 36608|OT9
0,16x942x790 ALU/С|0,1
0,16x942x790 ALU/С|0,1
0,14x913x766 USK 21E|0,1
0,14x913x766 USK BLANK|0,1
0,16x942x790 -/G|0,1
0,14x975x925 G/C USK|0,1
0,14x975x925 W/K USK|0,1
0,17x838x942 USK ALU/С|0,1
0,16x920x778 RAS BLANK|0,1
0,17х922х868 USK TH550 BLANK|0,1
0,18x896x795 USK BLANK|0,1
0,14x913x766 USK 21E|0,1
0,14x913x766 USK BLANK|0,1
0,14x913x766 USK 21E|0,1
OT96 ALU/C 0,18 USK auto|OT9
0,14x975x925 G/C USK|0,1
OT96 ALU/C 0,18 HBI auto|OT9
OT070-ELQ7013A4A|OT0
0,17х922х868 USK TH550 BLANK|0,1
OT070-ELQ7033A2A  BAO|OT0
OT96 ALU/C 0,18 HBI auto|OT9
OT99-ELQ9999A0A ARP|OT9
0,17х922х868 BAO BLANK|0,1
OT99-921XQ 0,20 ALU/G 36608|OT9
0,16x942x790 ALU/С|0,1
0,16x920x778 Alu/C|0,1
0,14x975x925 G/C USK|0,1
0,16x920x778 RAS BLANK|0,1
0,17x896x795 BLANK|0,1
0,20x908x1112 RAS BLANK|0,2
0,18x860x873 BAO BLANK|0,1
0,18x860x873 RAS BLANK|0,1
OT96 Alu/C USK auto|OT9
OT96 ALU/C 0,18 HBI auto|OT9
0,14x913x766 USK BLANK|0,1
OT070-ELQ7033A2A  BAO|OT0
0,17х922х868 BAO BLANK|0,1
0,16x942x790 -/G|0,1
0,20x808x908 USK BLANK|0,2
0,16x942x790 ALU/С|0,1
0,16x942x790 ALU/С|0,1
OT153-ELQ1542A3A BAO|OT1
OT153-20EB05 BAO TEST|OT1
OT062-ELQ6216A3A BAO|OT0
OT96 ALU/C 0,18 BAO auto|OT9
OT96 Alu/C BAO auto|OT9
OT70-20EK05 PFAS free TEST|OT7
0,17x838x942 ALU/С BAO|0,1
0,17x838x942 ALU/С BAO|0,1
0,16x942x790 ALU/С|0,1
OT99-921XQ 0,20 ALU/G 36608|OT9
OT070-ELQ7033A2A  BAO|OT0
OT96 ALU/C 0,18 BAO auto|OT9
0,20x808x908 BAO BLANK|0,2
OT070-ELQ7013A4A BAO|OT0
OT070-ELQ7013A4A|OT0
OT062-ELQ6216A3A BAO|OT0
0,17x896x795 BAO BLANK|0,1
0,17x838x942 ALU/С BAO|0,1
0,155x821x926 BAO BLANK|0,1
0,16x920x778 Alu/C|0,1
0,16x920x778 RAS BLANK|0,1
OT99-ELQ9999A0A ARP RAS|OT9
0,18x860x873 BAO BLANK|0,1
0,155x821x926 BAO BLANK|0,1
OT070-ELQ7033A2A  BAO|OT0
OT062-ELQ6216A3A BAO|OT0
OT062-ELQ6216A3A BAO|OT0
0,14x913x766 USK BLANK|0,1
OT153-ELQ1542A3A BAO|OT1
0,16x942x790 ALU/С|0,1
0,17x959x901 BLANK|0,1
0,17x838x942 ALU/С BAO|0,1
0,17x922x868 DON BLANK|0,1
OT96 ALU/C 0,18 HBI auto|OT9
OT96 ALU/C 0,18 BAO auto|OT9
OT153-ELQ1542A3A BAO|OT1
0,18x860x873 BAO BLANK|0,1
0,14x975x925 IMP G/C|0,1
0,16x942x790 ALU/С|0,1
0,20x908x1112 BLANK|0,2
0,14x975x925 G/C USK|0,1
0,14x975x925 W/K USK|0,1
0,14x918x925 USK 21EK05|0,1
OT70-21EK05 0,16 BAO|OT7
OT070-ELQ7022A5A 21Е|OT0
OT070-ELQ7033A2A  BAO|OT0
0,16x920x778 RAS BLANK|0,1
OT153-ELQ1542A3A USK|OT1
OT153-20EB05 BAO TEST|OT1
OT153-ELQ1554A0A BAO|OT1
OT96 ALU/C 0,18 BAO auto|OT9
OT96 Alu/G BAO auto|OT9
0,16x942x790 ALU/С|0,1
0,16x942x790 ALU/С|0,1
0,20x808x908 BAO BLANK|0,2
OT99-ELQ9999A0A ARP RAS|OT9
0,17x896x795 BAO BLANK|0,1
0,17x896x795 BAO BLANK|0,1
0,18x896x795 BAO BLANK|0,1
0,16x920x778 RAS BLANK|0,1
0,16x920x778 RAS BLANK|0,1
0,14x913x766 USK BLANK|0,1
0,155x821x926 BAO BLANK|0,1
0,155x821x926 BAO BLANK|0,1
0,14x975x925 G/C USK|0,1
0,18x877x795 USK BLANK|0,1
0,16x942x790 ALU/С|0,1
0,16x942x790 ALU/С|0,1
OT070-ELQ7013A9A USK|OT0
0,17x922x868 HBI TH550 BLANK|0,1
OT062-20EK05 HBI|OT0
OT96 Alu/C BAO auto|OT9
0,18x860x873 BAO BLANK|0,1
0,17x896x795 BAO BLANK|0,1
0,18x896x795 BAO BLANK|0,1
0,155x821x926 BAO BLANK|0,1
OT070-ELQ7022A6A 28/28 USK|OT0
0,17x922x868 DON BLANK|0,1
0,16x920x778 RAS BLANK|0,1
OT062-ELQ6216A3A BAO|OT0
0,16x942x790 ALU/С|0,1
OT96 ALU/C 0,18 BAO auto|OT9
OT96 ALU/C 0,18 HBI auto|OT9
OT153-ELQ1542A3A BAO|OT1
OT153-ELQ1554A0A USK|OT1
0,17x838x942 USK BUF|0,1
OT153-ELQ1554A0A BAO|OT1
OT99-21EK05 203XQ|OT9
0,19x895x907 USK BLANK|0,1
0,17x838x942 USK ALU/С|0,1
OT96 ALU/C 0,18 HBI auto|OT9
0,17x922x868 HBI TH550 BLANK|0,1
OT99-ELQ9991A0A ARP|OT9
OT062-ELQ6216A3A BAO|OT0
OT070-ELQ7013A9A USK|OT0
0,14x913x766 USK A08|0,1
0,16x942x790 ALU/С|0,1
0,16x942x790 ALU/С|0,1
0,16x942x790 -/G|0,1
0,14x975x925 G/C USK|0,1
0,155x821x926 BAO BLANK|0,1
0,155x821x926 HBI BLANK|0,1
0,18x896x795 BAO BLANK|0,1
0,17x896x795 BAO BLANK|0,1
0,17x922x868 HBI TH550 BLANK|0,1
OT062-21EK05 0,16 BAO|OT0
OT062-ELQ6216A3A BAO|OT0
OT70-21EK05 0,16 BAO|OT7
OT070-ELQ7013A4A BAO|OT0
OT99-ELQ9999A0A ARP RAS|OT9
0,18x860x873 BAO BLANK|0,1
OT96 ALU/C 0,18 USK auto|OT9
OT96 ALU/C 0,18 HBI auto|OT9
0,20x908x1112 BLANK|0,2
0,155x821x926 BAO BLANK|0,1
0,18x860x873 BAO W/C|0,1
0,18x896x795 BAO BLANK|0,1
0,19x895x907 BLANK|0,1
0,19x895x907 BLANK|0,1
OT070-ELQ7033A2A  TH580 USK|OT0
OT070-ELQ7033A2A  BAO|OT0
OT062-ELQ6216A3A BAO|OT0
OT062-21EK05 0,16 BAO|OT0
OT062-10DB05 0,16 BAO|OT0
OT153-ELQ1542A3A BAO|OT1
0,16x942x790 ALU/С|0,1
0,14x913x766 USK A08|0,1
0,14x913x766 USK BLANK|0,1
0,17x838x942 ALU/С BAO|0,1
0,17x838x942 ALU/С BAO|0,1
0,14x975x925 G/C USK|0,1
0,155x821x926 HBI BLANK|0,1
0,16x942x790 ALU/С|0,1
0,16x920x778 RAS BLANK|0,1
0,14x920x778 RAS 21EK05|0,1
OT96 ALU/C 0,18 HBI auto|OT9
0,14x975x925 G/C USK|0,1
0,18x877x795 USK BLANK|0,1
0,27x950x780 BAO BLANK|0,2
0,17x896x795 BAO BLANK|0,1
0,155x821x926 HBI BLANK|0,1
OT153-20EB05 BAO TEST|OT1
0,19x895x907 BAO BLANK|0,1
0,19x895x907 BAO BLANK|0,1
0,20x838x941,7 BAO BLANK|0,2
OT099 Alu/G 0,20 BAO|OT0
OT062-ELQ6216A3A BAO|OT0
OT062-20EK05 BAO|OT0
OT062-20EK05 HBI|OT0
0,17x896x795 BAO BLANK|0,1
0,18x896x795 BAO BLANK|0,1
0,155x821x926 HBI BLANK|0,1
0,17x896x795 BAO BLANK|0,1
0,18x896x795 BAO BLANK|0,1
0,14x975x925 G/C USK|0,1
OT062-21EK05 0,16 BAO|OT0
OT062-ELQ6216A3A BAO|OT0
OT070-ELQ7033A2A  BAO|OT0
0,17x896x795 BAO BLANK|0,1
0,17x896x795 BAO BLANK|0,1
0,14x913x766 USK A08|0,1
OT062-ELQ6216A3A BAO|OT0
0,14x975x925 G/C USK|0,1
OT062-21EK05 0,16 BAO|OT0
OT070-ELQ7033A2A  BAO|OT0
OT070-ELQ7022A5A 21Е|OT0
0,17x922x868 HBI TH550 BLANK|0,1
0,20x838x941,7 ALU/G|0,2
0,16x920x778 G/G|0,1
OT153-ELQ1542A3A BAO|OT1
OT153-ELQ1554A0A USK|OT1
0,18x860x873 BAO BLANK|0,1
0,18x860x873 BAO BLANK|0,1
0,14x920x778 RAS BLANK|0,1
0,18x896x795 BAO BLANK|0,1
0,17x896x795 BAO BLANK|0,1
OT96 ALU/C 0,18 BAO auto|OT9
OT96 ALU/C 0,18 USK auto|OT9
0,14x975x925 W/K USK|0,1
0,14x975x925 G/C USK|0,1
0,14x920x778 RAS 21EK05|0,1
0,19x895x907 BAO BLANK|0,1
OT070-ELQ7022A6A BAO|OT0
OT070-ELQ7013A9A USK|OT0
OT070-ELQ7013A4A USK|OT0
OT070-ELQ7013A4A BAO|OT0
OT070-ELQ7013A9A  BAO|OT0
0,16x920x778 RAS BLANK|0,1
0,17x896x795 BAO BLANK|0,1
0,18x896x795 BAO BLANK|0,1
0,14x975x925 W/K USK|0,1
OT96 Alu/G BAO auto|OT9
0,16x942x790 ALU/С|0,1
0,16x942x790 ALU/С|0,1
0,14x913x766 RAS A08|0,1
0,14x913x766 RAS A08|0,1
OT062-ELQ6216A3A USK|OT0
0,14x975x925 W/K USK|0,1
0,14x975x925 G/C USK|0,1
0,17x896x795 BAO BLANK|0,1
0,17x896x795 BAO BLANK|0,1
0,18x896x795 BAO BLANK|0,1
0,14x975x925 G/C USK|0,1
0,14x975x925 G/C USK|0,1
0,16x942x790 -/G|0,1
0,14x913x766 -/G|0,1
0,18x860x873 BAO BLANK|0,1
OT153-ELQ1542A3A BAO|OT1
OT062-ELQ6216A3A RAS|OT0
0,14x975x925 G/C USK|0,1
0,20x808x908 BAO BLANK|0,2
0,155x821x926 HBI BLANK|0,1
0,17x896x795 BLANK USK|0,1
0,14x918x925 USK G/C|0,1
OT062-ELQ6216A3A RAS|OT0
0,18x896x795 BAO BLANK|0,1
OT062-ELQ6216A3A RAS|OT0
OT062-20EK05 0,16 USK|OT0
OT062-21EK05 0,16 USK|OT0
OT062-ELQ6216A3A USK|OT0
0,155x821x926 HBI BLANK|0,1
0,155x821x926 USK BLANK|0,1
0,17x860x873 BAO BLANK|0,1
0,14x920x778 RAS BLANK|0,1
OT062-ELQ6216A3A USK|OT0
0,17x838x942 USK ALU/С|0,1
0,14x913x766 RAS A08|0,1
0,17x838x942 ALU/С BAO|0,1
0,16x942x790 ALU/С|0,1
0,16x942x790 ALU/С|0,1
0,14x920x778 RAS 21EK05|0,1
0,17x838x942 USK ALU/С|0,1
0,17x959x901 BLANK|0,1
0,17x874x795 USK BLANK|0,1
0,17x922x868 HBI TH550 BLANK|0,1
OT153-ELQ1554A0A BAO|OT1
OT153-ELQ1554A0A BAO|OT1
0,17x874x795 USK BLANK|0,1
0,17x838x942 USK ALU/С|0,1
0,14x975x925 G/C USK|0,1
OT099 Alu/G 0,20 BAO|OT0
0,14x975x925 G/C USK|0,1
OT062-ELQ6216A3A USK|OT0
0,18x860x873 BAO BLANK|0,1
0,18x860x873 BAO BLANK|0,1
0,19x895x907 BAO BLANK|0,1
0,19x895x907 BAO BLANK|0,1
0,17x896x795 BLANK USK|0,1
0,17x896x795 BAO BLANK|0,1
OT062-ELQ6216A3A USK|OT0
OT062-ELQ6216A3A BAO|OT0
OT062-ELQ6216A3A BAO|OT0
OT96 Alu/G BAO auto|OT9
0,20x808x908 BAO BLANK|0,2
OT96 ALU/C 0,18 BAO auto|OT9
OT96 ALU/C 0,18 HBI auto|OT9
0,14x920x778 RAS BLANK|0,1
0,16x942x790 ALU/С|0,1
0,16x942x790 ALU/С|0,1
OT062-ELQ6216A3A USK|OT0
OT062-ELQ6216A3A BAO|OT0
0,20x908x1112 BLANK|0,2
0,14x918x925 USK 21EK05|0,1
0,155x821x926 BAO BLANK|0,1
0,155x821x926 BAO BLANK|0,1
0,17x959x901 BLANK|0,1
0,14x918x925 USK IMP W/K|0,1
0,16x920x778 RAS BLANK|0,1
0,14x920x778 RAS 21EK05|0,1
OT96 ALU/C 0,18 BAO auto|OT9
0,18x860x873 BAO BLANK|0,1
0,18x860x873 BAO BLANK|0,1
0,18x896x795 BAO BLANK|0,1
0,14x913x766 RAS A08|0,1
OT99-ELQ9999A0A ARP RAS|OT9
0,18x896x795 BAO BLANK|0,1
OT062-ELQ6216A3A BAO|OT0
OT062-15VK05 0,15 USK|OT0
OT070-ELQ7013A4A BAO|OT0
OT70-21EK05 0,16 BAO|OT7
OT070-ELQ7033A2A  BAO|OT0
OT096-21EK05 2,8/2,8 BAO|OT0
OT062-ELQ6216A3A BAO|OT0
0,17х922х868 USK TH550 BLANK|0,1
0,17x922x868 HBI TH550 BLANK|0,1
OT062-ELQ6216A3A BAO|OT0
OT153-20EB05 BAO TEST|OT1
OT153-ELQ1554A0A BAO|OT1
OT070-ELQ7013A9A  BAO|OT0
0,155x821x926 BAO BLANK|0,1
0,18x896x795 BAO BLANK|0,1
0,155x821x926 BAO BLANK|0,1
0,18x896x795 BAO BLANK|0,1
OT062-ELQ6216A3A BAO|OT0
OT062-21EK05 0,16 BAO|OT0
OT099 Alu/G 0,20 BAO|OT0
0,14x920x778 RAS 21EK05|0,1
0,16x920x778 RAS BLANK|0,1
OT070-08CB05 MET BAO|OT0
0,14x920x778 RAS BLANK|0,1
0,17x838x942 ALU/С BAO|0,1
0,17x838x942 ALU/С BAO|0,1
0,155x821x926 HBI BLANK|0,1
OT062-ELQ6216A3A BAO|OT0
OT062-ELQ6216A3A BAO|OT0
0,14x975x925 G/C USK|0,1
0,17x896x795 BAO BLANK|0,1
0,17x896x795 BAO BLANK|0,1
0,20x908x1112 BLANK|0,2
0,18x877x870 USK A08K05|0,1
0,14x975x925 W/K USK|0,1
0,14x975x925 G/C USK|0,1
0,16x942x790 ALU/С|0,1
OT070-ELQ7033A2A  BAO|OT0
OT070-ELQ7022A5A 21Е|OT0
OT070-ELQ7022A6A BAO|OT0
OT99-21EK05 BAO 203XQ|OT9
OT070-ELQ7013A4A BAO|OT0
0,17x902x942 HBI BLANK|0,1
OT070-ELQ7013A11A BAO|OT0
OT70-21EK05 0,16 BAO|OT7
OT062-ELQ6216A3A BAO|OT0
0,17x896x795 BAO BLANK|0,1
0,18x896x795 BAO BLANK|0,1
0,155x821x926 BAO BLANK|0,1
0,20x808x908 BAO BLANK|0,2
OT96 ALU/C 0,18 BAO auto|OT9
OT062-ELQ6216A3A USK|OT0
OT062-ELQ6216A3A BAO|OT0
0,20x808x908 BAO BLANK|0,2
0,17x838x942 ALU/С BAO|0,1
0,17x838x942 ALU/С BAO|0,1
0,17x896x795 BAO BLANK|0,1
0,17x896x795 BAO BLANK|0,1
0,18x896x795 BAO BLANK|0,1
OT099 Alu/G 0,20 BAO|OT0
0,18x896x795 BAO BLANK|0,1
0,18x896x795 BAO BLANK|0,1
0,18x896x795 BAO BLANK|0,1
0,18x860x873 BAO BLANK|0,1
0,18x860x873 BAO BLANK|0,1
0,18x860x873 BAO BLANK|0,1
OT153-ELQ1554A0A BAO|OT1
OT153-20EB05 BAO TEST|OT1
OT96-15VK05 BAO|OT9
0,18x860x873 BAO BLANK|0,1
OT062-ELQ6216A3A USK|OT0
OT062-20EK05 0,16 USK|OT0
0,14x975x925 USSK|0,1
0,18x860x873 BAO BLANK|0,1
0,19x895x907 BAO BLANK|0,1
0,19x895x907 BAO BLANK|0,1
0,18x860x873 BAO BLANK|0,1
OT153-ELQ1554A0A BAO|OT1
OT153-20EB05 BAO TEST|OT1
0,14x920x778 RAS 21EK05|0,1
0,14x975x925 G/C USK|0,1
0,17x838x942 ALU/С BAO|0,1
0,17x838x942 ALU/С BAO|0,1
0,18x850x942 BAO BLANK|0,1
0,17x902x942 HBI BLANK|0,1
0,17х922х868 USK TH550 BLANK|0,1
0,18x896x795 BAO W/С|0,1
0,18x896x795 BAO W/С|0,1
0,18x896x795 BAO W/С|0,1
OT070-ELQ7013A9A  BAO|OT0
OT153-ELQ1554A0A BAO|OT1
OT070-ELQ7013A4A BAO|OT0
0,17x959x901 USK BLANK|0,1
OT062-ELQ6216A3A USK|OT0
OT062-ELQ6216A3A USK|OT0
0,18x896x795 BAO BLANK|0,1
0,18x896x795 BAO BLANK|0,1
0,17x896x795 BLANK USK|0,1
0,18x860x873 BAO W/C|0,1
0,14x913x766 RAS 21E|0,1
0,14x975x925 G/C|0,1
0,14x913x766 RAS A08|0,1
0,16x942x790 ALU/С|0,1
0,155x821x926 USK BLANK|0,1
0,155x821x926 USK BLANK|0,1
0,155x821x926 HBI BLANK|0,1
0,155x821x926 BAO BLANK|0,1
0,155x821x926 BAO BLANK|0,1
0,17x922x868 HBI TH550 BLANK|0,1
OT070-08CB05 MET BAO|OT0
OT70-21EK05 0,16 BAO|OT7
OT070-ELQ7033A2A TH550|OT0
OT153-ELQ1542A3A BAO|OT1
OT153-ELQ1554A0A BAO|OT1
OT062-ELQ6216A3A BAO|OT0
0,155x821x926 BAO BLANK|0,1
0,155x821x926 BAO BLANK|0,1
0,155x821x926 BAO BLANK|0,1
0,19x895x907 BAO BLANK|0,1
0,19x895x907 BAO BLANK|0,1
0,19x895x907 BAO BLANK|0,1
0,19x895x907 BAO BLANK|0,1
0,17х922х868 BAO BLANK|0,1
0,14x975x925 W/K RAS|0,1
0,14x975x925 W/K USK|0,1
0,14x975x925 W/K RAS|0,1
OT70-21EK05 0,16 BAO|OT7
0,18x850x942 BAO BLANK|0,1
OT062-ELQ6216A3A USK|OT0
OT062-ELQ6216A3A BAO|OT0
OT96-15VK05 BAO|OT9
OT96 ALU/C 0,18 BAO auto|OT9
0,16x920x778 RAS BLANK|0,1
0,14x913x766 RAS 21E|0,1
OT153-ELQ1542A3A BAO|OT1
0,20x908x1112 BLANK|0,2
0,14x975x925 W/K USK|0,1
0,17x896x795 BAO BLANK|0,1
0,17x922x868 HBI TH550 BLANK|0,1
0,17x922x868 HBI TH550 BLANK|0,1
0,18x896x795 BAO BLANK|0,1
0,18x896x795 BAO BLANK|0,1
0,17x896x795 BAO BLANK|0,1
0,14x975x925 W/K USK|0,1
OT062-ELQ6216A3A BAO|OT0
0,18x860x873 USK BLANK|0,1
0,18x860x873 BAO BLANK|0,1
0,155x821x926 BAO BLANK|0,1
0,155x821x926 BAO BLANK|0,1
0,16x942x790 W/G|0,1
0,16x942x790 ALU/С|0,1
OT153-ELQ1554A0A BAO|OT1
0,18x860x873 BAO BLANK|0,1
0,17x896x795 BAO BLANK|0,1
0,18x896x795 BAO BLANK|0,1
0,17x838x942 ALU/С BAO|0,1
OT062-ELQ6216A3A BAO|OT0
OT062-ELQ6216A3A BAO|OT0
0,16x942x790 ALU/С|0,1
0,14x913x766 RAS A08|0,1
0,17x922x868 HBI TH550 BLANK|0,1
OT070-ELQ7013A4A USK|OT0
0,14x913x766 RAS A08|0,1
OT70-21EK05 0,16 BAO|OT7
OT153-ELQ1542A3A BAO|OT1
0,18x896x795 А07В05|0,1
0,18x860x873 А07В05|0,1
0,14x975x925 W/K RAS|0,1
0,18x896x795 BAO BLANK|0,1
0,18x896x795 BAO BLANK|0,1
0,17x896x795 BAO BLANK|0,1
OT96 ALU/C 0,18 BAO auto|OT9
0,18x808x908 BAO BLANK|0,1
OT99-921XQ 0,20  16DK05|OT9
OT99-921XQ 0,20 ALU/G 36608|OT9
OT070-ELQ7022A5A 21Е|OT0
OT070-ELQ7022A6A BAO|OT0
OT070-08CB05 MET BAO|OT0
0,18x830x870 USK А08К05|0,1
OT062-ELQ6216A3A USK|OT0
OT99-ELQ9999A0A ARP RAS|OT9
0,17x959x901 USK BLANK|0,1
0,20x808x908 USK BLANK|0,2
0,14x913x766 RAS A08|0,1
0,18x896x795 USK BLANK|0,1
0,17x896x795 BAO BLANK|0,1
0,17x896x795 BAO BLANK|0,1
0,17x896x795 BAO BLANK|0,1
0,17x959x901 USK BLANK|0,1
0,18x860x873 BAO BLANK|0,1
0,20x808x908 USK BLANK|0,2
0,18x850x942 BAO BLANK|0,1
0,18x896x795 А07В05|0,1
0,17x896x795 А07В05|0,1
0,17x959x901 A07B05|0,1
0,18x808x908 A07B05|0,1
OT99-ELQ9999A0A ARP RAS|OT9
OT153-ELQ1554A0A BAO|OT1
OT153-20EB05 BAO TEST|OT1
0,17x922x868 HBI TH550 BLANK|0,1
0,16x942x790 ALU/С|0,1
OT153-ELQ1542A3A BAO|OT1
OT070-ELQ7013A9A  BAO|OT0
OT062-ELQ6216A3A USK|OT0
OT062-ELQ6216A3A USK|OT0
OT062-ELQ6216A3A BAO|OT0
0,17x832x926 BAO BLANK|0,1
0,155x821x926 HBI BLANK|0,1
0,18x896x795 USK BLANK|0,1
0,16x942x790 ALU/С|0,1
0,16x942x790 ALU/С|0,1
0,14x913x766 RAS 21E|0,1
0,14x913x766 RAS 21E|0,1
0,14x920x778 RAS 21EK05|0,1
OT070-ELQ7022A5A 21Е|OT0
OT070-08CB05 MET BAO|OT0
OT96 ALU/C 0,18 BAO auto|OT9
OT96 ALU/C 0,18 BAO auto|OT9
0,155x821x926 USK BLANK|0,1
0,155x821x926 HBI BLANK|0,1
0,155x821x926 HBI BLANK|0,1
0,155x821x926 RAS BLANK|0,1
0,155x821x926 RAS BLANK|0,1
0,17x838x942 ALU/С BAO|0,1
0,17x838x942 ALU/С BAO|0,1
0,16x942x790 ALU/С|0,1
0,17x896x795 BAO BLANK|0,1
0,17x896x795 BAO BLANK|0,1
0,14x975x925 G/C USK|0,1
0,14x918x925 USK BLANK|0,1
0,18x860x873 BAO BLANK|0,1
0,18x860x873 BAO BLANK|0,1
0,18x860x873 BAO BLANK|0,1
0,14x918x925 USK G/C|0,1
0,17x922x868 HBI TH550 BLANK|0,1
OT99-ELQ9991A0A ARP|OT9
OT062-ELQ6216A3A USK|OT0
0,14x975x925 G/C|0,1
OT070-ELQ7022A6A BAO|OT0
0,14x850x925 BLANK|0,1
OT070-ELQ7013A9A  BAO|OT0
OT070-ELQ7013A4A BAO|OT0
0,20x908x1112 BLANK|0,2
0,18x830x870 USK А08К05|0,1
0,17x838x942 ALU/С BAO|0,1
0,18x850x942 BAO BLANK|0,1
0,17x902x942 HBI BLANK|0,1
0,17x832x926 BAO BLANK|0,1
0,20x808x908 USK BLANK|0,2
0,18x896x795 W/G|0,1
0,17x896x795 W/G|0,1
0,18x808x908 -/G|0,1
0,14x975x925 -/G|0,1
0,155x821x926 -/G|0,1
0,17x922x868 -/G|0,1
0,18x860x873 -/G|0,1
0,16x920x778 RAS BLANK|0,1
0,16x942x790 ALU/С|0,1
0,17x959x901 USK BLANK|0,1
0,18x850x942 BAO BLANK|0,1
0,18x850x942 BAO BLANK|0,1
0,18x896x795 USK BLANK|0,1
OT070-08CB05 MET BAO|OT0
OT070-ELQ7013A4A USK|OT0
0,20x908x1112 BLANK|0,2
0,14x975x925 G/C USK|0,1
0,155x821x926 USK BLANK|0,1
0,155x821x926 HBI BLANK|0,1
0,17x838x942 ALU/С BAO|0,1
0,14x913x766 RAS A08|0,1
0,14x913x766 RAS 21E|0,1
0,14x920x778 RAS 21EK05|0,1
0,14x920x778 RAS BLANK|0,1
0,16x920x778 RAS BLANK|0,1
0,18x896x795 USK BLANK|0,1
0,155x821x926 USK BLANK|0,1
0,155x821x926 HBI BLANK|0,1
0,18x808x942 BAO BLANK|0,1
OT96 ALU/C 0,18 BAO auto|OT9
0,20x808x908 USK BLANK|0,2
0,16x954x848 -/G|0,1
0,14x975x925 -/G|0,1
0,18x860x873 -/G|0,1
0,17x838x942 -/G|0,1
OT99-07CB05 BAO 921XQ|OT9
OT99-ELQ9999A0A ARP RAS|OT9
OT153-W18U23 USK|OT1
OT153-W18B35 USK|OT1
OT153-20EB05 TEST|OT1
OT99-21EK05 RAS 203XQ|OT9
OT099 Alu/G 0,20 RAS|OT0
OT062-ELQ6216A3A BAO|OT0
0,16x942x790 ALU/С|0,1
0,16x942x790 ALU/С|0,1
0,14x975x925 G/C USK|0,1
0,14x918x925 USK G/C|0,1
0,17x896x795 BAO BLANK|0,1
0,17x896x795 BAO BLANK|0,1
0,18x896x795 USK BLANK|0,1
0,18x896x795 USK BLANK|0,1
0,17x896x795 BAO BLANK|0,1
0,17x896x795 BAO BLANK|0,1
0,16x920x778 RAS BLANK|0,1
OT99-ELQ9999A0A ARP RAS|OT9
0,18x860x873 USK BLANK|0,1
OT96 ALU/C 0,18 BAO auto|OT9
0,18x808x908 BAO BLANK|0,1
OT99-ELQ9991A0A ARP|OT9
OT062-ELQ0830A9A|OT0
OT62-ELQ6216A2A  USK ver3|OT6
OT070-08CB05 MET BAO|OT0
0,17x922x868 HBI TH550 BLANK|0,1
0,18x860x873 BAO BLANK|0,1
0,18x877x1066 W/G|0,1
0,14x920x778 RAS 21EB05|0,1
0,14x913x766 RAS 21E|0,1
0,14x913x766 RAS A08|0,1
0,18x896x795 USK BLANK|0,1
0,18x808x942 BAO BLANK|0,1
0,18x808x942 BAO BLANK|0,1
OT153-ELQ1542A3A BAO|OT1
OT070-08CB05 MET BAO|OT0
OT070-ELQ7013A9A  BAO|OT0
0,14x975x925 G/C USK|0,1
0,18x896x795 USK BLANK|0,1
0,17x896x795 BAO BLANK|0,1
